Country,Code,Year,Sex,Age,Deaths,Source
Brazil,BRA,2015,f,0,16630,country_public
Brazil,BRA,2015,f,1,1160,country_public
Brazil,BRA,2015,f,2,626,country_public
Brazil,BRA,2015,f,3,412,country_public
Brazil,BRA,2015,f,4,373,country_public
Brazil,BRA,2015,f,5,311,country_public
Brazil,BRA,2015,f,6,307,country_public
Brazil,BRA,2015,f,7,282,country_public
Brazil,BRA,2015,f,8,283,country_public
Brazil,BRA,2015,f,9,262,country_public
Brazil,BRA,2015,f,10,297,country_public
Brazil,BRA,2015,f,11,263,country_public
Brazil,BRA,2015,f,12,362,country_public
Brazil,BRA,2015,f,13,412,country_public
Brazil,BRA,2015,f,14,512,country_public
Brazil,BRA,2015,f,15,652,country_public
Brazil,BRA,2015,f,16,716,country_public
Brazil,BRA,2015,f,17,794,country_public
Brazil,BRA,2015,f,18,845,country_public
Brazil,BRA,2015,f,19,869,country_public
Brazil,BRA,2015,f,20,914,country_public
Brazil,BRA,2015,f,21,955,country_public
Brazil,BRA,2015,f,22,909,country_public
Brazil,BRA,2015,f,23,902,country_public
Brazil,BRA,2015,f,24,933,country_public
Brazil,BRA,2015,f,25,997,country_public
Brazil,BRA,2015,f,26,1127,country_public
Brazil,BRA,2015,f,27,1106,country_public
Brazil,BRA,2015,f,28,1159,country_public
Brazil,BRA,2015,f,29,1183,country_public
Brazil,BRA,2015,f,30,1311,country_public
Brazil,BRA,2015,f,31,1364,country_public
Brazil,BRA,2015,f,32,1580,country_public
Brazil,BRA,2015,f,33,1712,country_public
Brazil,BRA,2015,f,34,1796,country_public
Brazil,BRA,2015,f,35,1890,country_public
Brazil,BRA,2015,f,36,1992,country_public
Brazil,BRA,2015,f,37,2070,country_public
Brazil,BRA,2015,f,38,2227,country_public
Brazil,BRA,2015,f,39,2239,country_public
Brazil,BRA,2015,f,40,2397,country_public
Brazil,BRA,2015,f,41,2450,country_public
Brazil,BRA,2015,f,42,2684,country_public
Brazil,BRA,2015,f,43,2735,country_public
Brazil,BRA,2015,f,44,2898,country_public
Brazil,BRA,2015,f,45,3174,country_public
Brazil,BRA,2015,f,46,3322,country_public
Brazil,BRA,2015,f,47,3596,country_public
Brazil,BRA,2015,f,48,3834,country_public
Brazil,BRA,2015,f,49,4150,country_public
Brazil,BRA,2015,f,50,4523,country_public
Brazil,BRA,2015,f,51,4988,country_public
Brazil,BRA,2015,f,52,5018,country_public
Brazil,BRA,2015,f,53,5197,country_public
Brazil,BRA,2015,f,54,5343,country_public
Brazil,BRA,2015,f,55,5650,country_public
Brazil,BRA,2015,f,56,6077,country_public
Brazil,BRA,2015,f,57,6476,country_public
Brazil,BRA,2015,f,58,6625,country_public
Brazil,BRA,2015,f,59,7063,country_public
Brazil,BRA,2015,f,60,7385,country_public
Brazil,BRA,2015,f,61,7426,country_public
Brazil,BRA,2015,f,62,7797,country_public
Brazil,BRA,2015,f,63,7928,country_public
Brazil,BRA,2015,f,64,8386,country_public
Brazil,BRA,2015,f,65,8924,country_public
Brazil,BRA,2015,f,66,8898,country_public
Brazil,BRA,2015,f,67,9372,country_public
Brazil,BRA,2015,f,68,9344,country_public
Brazil,BRA,2015,f,69,9636,country_public
Brazil,BRA,2015,f,70,9741,country_public
Brazil,BRA,2015,f,71,10557,country_public
Brazil,BRA,2015,f,72,10793,country_public
Brazil,BRA,2015,f,73,10725,country_public
Brazil,BRA,2015,f,74,11093,country_public
Brazil,BRA,2015,f,75,12697,country_public
Brazil,BRA,2015,f,76,12549,country_public
Brazil,BRA,2015,f,77,12583,country_public
Brazil,BRA,2015,f,78,13324,country_public
Brazil,BRA,2015,f,79,14270,country_public
Brazil,BRA,2015,f,80,13925,country_public
Brazil,BRA,2015,f,81,13329,country_public
Brazil,BRA,2015,f,82,13833,country_public
Brazil,BRA,2015,f,83,14326,country_public
Brazil,BRA,2015,f,84,14754,country_public
Brazil,BRA,2015,f,85,15197,country_public
Brazil,BRA,2015,f,86,13986,country_public
Brazil,BRA,2015,f,87,13746,country_public
Brazil,BRA,2015,f,88,13340,country_public
Brazil,BRA,2015,f,89,12237,country_public
Brazil,BRA,2015,f,90,11082,country_public
Brazil,BRA,2015,f,91,9938,country_public
Brazil,BRA,2015,f,92,8831,country_public
Brazil,BRA,2015,f,93,7362,country_public
Brazil,BRA,2015,f,94,6276,country_public
Brazil,BRA,2015,f,95,5638,country_public
Brazil,BRA,2015,f,96,4470,country_public
Brazil,BRA,2015,f,97,3722,country_public
Brazil,BRA,2015,f,98,2965,country_public
Brazil,BRA,2015,f,99,2315,country_public
Brazil,BRA,2015,f,100,6373,country_public
Brazil,BRA,2015,f,TOT,554383,country_public
Brazil,BRA,2015,m,0,20683,country_public
Brazil,BRA,2015,m,1,1327,country_public
Brazil,BRA,2015,m,2,692,country_public
Brazil,BRA,2015,m,3,512,country_public
Brazil,BRA,2015,m,4,493,country_public
Brazil,BRA,2015,m,5,400,country_public
Brazil,BRA,2015,m,6,398,country_public
Brazil,BRA,2015,m,7,316,country_public
Brazil,BRA,2015,m,8,359,country_public
Brazil,BRA,2015,m,9,348,country_public
Brazil,BRA,2015,m,10,400,country_public
Brazil,BRA,2015,m,11,414,country_public
Brazil,BRA,2015,m,12,499,country_public
Brazil,BRA,2015,m,13,665,country_public
Brazil,BRA,2015,m,14,1068,country_public
Brazil,BRA,2015,m,15,1906,country_public
Brazil,BRA,2015,m,16,2799,country_public
Brazil,BRA,2015,m,17,3755,country_public
Brazil,BRA,2015,m,18,4327,country_public
Brazil,BRA,2015,m,19,4693,country_public
Brazil,BRA,2015,m,20,4946,country_public
Brazil,BRA,2015,m,21,4706,country_public
Brazil,BRA,2015,m,22,4389,country_public
Brazil,BRA,2015,m,23,4447,country_public
Brazil,BRA,2015,m,24,4174,country_public
Brazil,BRA,2015,m,25,4234,country_public
Brazil,BRA,2015,m,26,4358,country_public
Brazil,BRA,2015,m,27,4292,country_public
Brazil,BRA,2015,m,28,4289,country_public
Brazil,BRA,2015,m,29,4309,country_public
Brazil,BRA,2015,m,30,4306,country_public
Brazil,BRA,2015,m,31,4285,country_public
Brazil,BRA,2015,m,32,4515,country_public
Brazil,BRA,2015,m,33,4713,country_public
Brazil,BRA,2015,m,34,4490,country_public
Brazil,BRA,2015,m,35,4699,country_public
Brazil,BRA,2015,m,36,4728,country_public
Brazil,BRA,2015,m,37,4828,country_public
Brazil,BRA,2015,m,38,4754,country_public
Brazil,BRA,2015,m,39,4680,country_public
Brazil,BRA,2015,m,40,5062,country_public
Brazil,BRA,2015,m,41,4901,country_public
Brazil,BRA,2015,m,42,5385,country_public
Brazil,BRA,2015,m,43,5401,country_public
Brazil,BRA,2015,m,44,5623,country_public
Brazil,BRA,2015,m,45,6149,country_public
Brazil,BRA,2015,m,46,6356,country_public
Brazil,BRA,2015,m,47,6621,country_public
Brazil,BRA,2015,m,48,6859,country_public
Brazil,BRA,2015,m,49,7382,country_public
Brazil,BRA,2015,m,50,7919,country_public
Brazil,BRA,2015,m,51,8436,country_public
Brazil,BRA,2015,m,52,8662,country_public
Brazil,BRA,2015,m,53,8859,country_public
Brazil,BRA,2015,m,54,9364,country_public
Brazil,BRA,2015,m,55,9676,country_public
Brazil,BRA,2015,m,56,10069,country_public
Brazil,BRA,2015,m,57,10539,country_public
Brazil,BRA,2015,m,58,10716,country_public
Brazil,BRA,2015,m,59,11114,country_public
Brazil,BRA,2015,m,60,11558,country_public
Brazil,BRA,2015,m,61,11813,country_public
Brazil,BRA,2015,m,62,11948,country_public
Brazil,BRA,2015,m,63,12128,country_public
Brazil,BRA,2015,m,64,12213,country_public
Brazil,BRA,2015,m,65,12762,country_public
Brazil,BRA,2015,m,66,12713,country_public
Brazil,BRA,2015,m,67,13309,country_public
Brazil,BRA,2015,m,68,13161,country_public
Brazil,BRA,2015,m,69,12887,country_public
Brazil,BRA,2015,m,70,12956,country_public
Brazil,BRA,2015,m,71,13456,country_public
Brazil,BRA,2015,m,72,13494,country_public
Brazil,BRA,2015,m,73,13360,country_public
Brazil,BRA,2015,m,74,13519,country_public
Brazil,BRA,2015,m,75,14679,country_public
Brazil,BRA,2015,m,76,14287,country_public
Brazil,BRA,2015,m,77,13964,country_public
Brazil,BRA,2015,m,78,13917,country_public
Brazil,BRA,2015,m,79,14181,country_public
Brazil,BRA,2015,m,80,13555,country_public
Brazil,BRA,2015,m,81,12584,country_public
Brazil,BRA,2015,m,82,12666,country_public
Brazil,BRA,2015,m,83,12519,country_public
Brazil,BRA,2015,m,84,12198,country_public
Brazil,BRA,2015,m,85,11962,country_public
Brazil,BRA,2015,m,86,10891,country_public
Brazil,BRA,2015,m,87,9982,country_public
Brazil,BRA,2015,m,88,9457,country_public
Brazil,BRA,2015,m,89,8116,country_public
Brazil,BRA,2015,m,90,7326,country_public
Brazil,BRA,2015,m,91,6130,country_public
Brazil,BRA,2015,m,92,5356,country_public
Brazil,BRA,2015,m,93,4410,country_public
Brazil,BRA,2015,m,94,3554,country_public
Brazil,BRA,2015,m,95,2914,country_public
Brazil,BRA,2015,m,96,2338,country_public
Brazil,BRA,2015,m,97,1859,country_public
Brazil,BRA,2015,m,98,1386,country_public
Brazil,BRA,2015,m,99,1056,country_public
Brazil,BRA,2015,m,100,2664,country_public
Brazil,BRA,2015,m,TOT,709117,country_public
Brazil,BRA,2015,t,0,37501,country_public
Brazil,BRA,2015,t,1,2487,country_public
Brazil,BRA,2015,t,2,1318,country_public
Brazil,BRA,2015,t,3,924,country_public
Brazil,BRA,2015,t,4,866,country_public
Brazil,BRA,2015,t,5,711,country_public
Brazil,BRA,2015,t,6,705,country_public
Brazil,BRA,2015,t,7,598,country_public
Brazil,BRA,2015,t,8,642,country_public
Brazil,BRA,2015,t,9,610,country_public
Brazil,BRA,2015,t,10,698,country_public
Brazil,BRA,2015,t,11,677,country_public
Brazil,BRA,2015,t,12,861,country_public
Brazil,BRA,2015,t,13,1077,country_public
Brazil,BRA,2015,t,14,1580,country_public
Brazil,BRA,2015,t,15,2558,country_public
Brazil,BRA,2015,t,16,3515,country_public
Brazil,BRA,2015,t,17,4549,country_public
Brazil,BRA,2015,t,18,5172,country_public
Brazil,BRA,2015,t,19,5562,country_public
Brazil,BRA,2015,t,20,5861,country_public
Brazil,BRA,2015,t,21,5661,country_public
Brazil,BRA,2015,t,22,5299,country_public
Brazil,BRA,2015,t,23,5351,country_public
Brazil,BRA,2015,t,24,5108,country_public
Brazil,BRA,2015,t,25,5232,country_public
Brazil,BRA,2015,t,26,5485,country_public
Brazil,BRA,2015,t,27,5398,country_public
Brazil,BRA,2015,t,28,5449,country_public
Brazil,BRA,2015,t,29,5492,country_public
Brazil,BRA,2015,t,30,5619,country_public
Brazil,BRA,2015,t,31,5651,country_public
Brazil,BRA,2015,t,32,6096,country_public
Brazil,BRA,2015,t,33,6426,country_public
Brazil,BRA,2015,t,34,6286,country_public
Brazil,BRA,2015,t,35,6591,country_public
Brazil,BRA,2015,t,36,6720,country_public
Brazil,BRA,2015,t,37,6899,country_public
Brazil,BRA,2015,t,38,6982,country_public
Brazil,BRA,2015,t,39,6920,country_public
Brazil,BRA,2015,t,40,7465,country_public
Brazil,BRA,2015,t,41,7352,country_public
Brazil,BRA,2015,t,42,8072,country_public
Brazil,BRA,2015,t,43,8136,country_public
Brazil,BRA,2015,t,44,8521,country_public
Brazil,BRA,2015,t,45,9323,country_public
Brazil,BRA,2015,t,46,9679,country_public
Brazil,BRA,2015,t,47,10217,country_public
Brazil,BRA,2015,t,48,10693,country_public
Brazil,BRA,2015,t,49,11535,country_public
Brazil,BRA,2015,t,50,12448,country_public
Brazil,BRA,2015,t,51,13425,country_public
Brazil,BRA,2015,t,52,13680,country_public
Brazil,BRA,2015,t,53,14058,country_public
Brazil,BRA,2015,t,54,14708,country_public
Brazil,BRA,2015,t,55,15327,country_public
Brazil,BRA,2015,t,56,16146,country_public
Brazil,BRA,2015,t,57,17016,country_public
Brazil,BRA,2015,t,58,17344,country_public
Brazil,BRA,2015,t,59,18179,country_public
Brazil,BRA,2015,t,60,18947,country_public
Brazil,BRA,2015,t,61,19241,country_public
Brazil,BRA,2015,t,62,19745,country_public
Brazil,BRA,2015,t,63,20060,country_public
Brazil,BRA,2015,t,64,20600,country_public
Brazil,BRA,2015,t,65,21691,country_public
Brazil,BRA,2015,t,66,21613,country_public
Brazil,BRA,2015,t,67,22684,country_public
Brazil,BRA,2015,t,68,22509,country_public
Brazil,BRA,2015,t,69,22530,country_public
Brazil,BRA,2015,t,70,22699,country_public
Brazil,BRA,2015,t,71,24016,country_public
Brazil,BRA,2015,t,72,24292,country_public
Brazil,BRA,2015,t,73,24089,country_public
Brazil,BRA,2015,t,74,24613,country_public
Brazil,BRA,2015,t,75,27379,country_public
Brazil,BRA,2015,t,76,26838,country_public
Brazil,BRA,2015,t,77,26550,country_public
Brazil,BRA,2015,t,78,27247,country_public
Brazil,BRA,2015,t,79,28457,country_public
Brazil,BRA,2015,t,80,27481,country_public
Brazil,BRA,2015,t,81,25918,country_public
Brazil,BRA,2015,t,82,26509,country_public
Brazil,BRA,2015,t,83,26849,country_public
Brazil,BRA,2015,t,84,26958,country_public
Brazil,BRA,2015,t,85,27167,country_public
Brazil,BRA,2015,t,86,24880,country_public
Brazil,BRA,2015,t,87,23732,country_public
Brazil,BRA,2015,t,88,22801,country_public
Brazil,BRA,2015,t,89,20358,country_public
Brazil,BRA,2015,t,90,18413,country_public
Brazil,BRA,2015,t,91,16071,country_public
Brazil,BRA,2015,t,92,14188,country_public
Brazil,BRA,2015,t,93,11774,country_public
Brazil,BRA,2015,t,94,9830,country_public
Brazil,BRA,2015,t,95,8555,country_public
Brazil,BRA,2015,t,96,6808,country_public
Brazil,BRA,2015,t,97,5581,country_public
Brazil,BRA,2015,t,98,4351,country_public
Brazil,BRA,2015,t,99,3372,country_public
Brazil,BRA,2015,t,100,9038,country_public
Brazil,BRA,2015,t,TOT,1264175,country_public
Brazil,BRA,2016,f,0,15966,country_public
Brazil,BRA,2016,f,1,1404,country_public
Brazil,BRA,2016,f,2,662,country_public
Brazil,BRA,2016,f,3,431,country_public
Brazil,BRA,2016,f,4,352,country_public
Brazil,BRA,2016,f,5,296,country_public
Brazil,BRA,2016,f,6,298,country_public
Brazil,BRA,2016,f,7,278,country_public
Brazil,BRA,2016,f,8,277,country_public
Brazil,BRA,2016,f,9,289,country_public
Brazil,BRA,2016,f,10,312,country_public
Brazil,BRA,2016,f,11,291,country_public
Brazil,BRA,2016,f,12,339,country_public
Brazil,BRA,2016,f,13,411,country_public
Brazil,BRA,2016,f,14,514,country_public
Brazil,BRA,2016,f,15,627,country_public
Brazil,BRA,2016,f,16,711,country_public
Brazil,BRA,2016,f,17,792,country_public
Brazil,BRA,2016,f,18,824,country_public
Brazil,BRA,2016,f,19,843,country_public
Brazil,BRA,2016,f,20,941,country_public
Brazil,BRA,2016,f,21,983,country_public
Brazil,BRA,2016,f,22,947,country_public
Brazil,BRA,2016,f,23,900,country_public
Brazil,BRA,2016,f,24,952,country_public
Brazil,BRA,2016,f,25,949,country_public
Brazil,BRA,2016,f,26,1058,country_public
Brazil,BRA,2016,f,27,1088,country_public
Brazil,BRA,2016,f,28,1268,country_public
Brazil,BRA,2016,f,29,1307,country_public
Brazil,BRA,2016,f,30,1347,country_public
Brazil,BRA,2016,f,31,1418,country_public
Brazil,BRA,2016,f,32,1534,country_public
Brazil,BRA,2016,f,33,1680,country_public
Brazil,BRA,2016,f,34,1874,country_public
Brazil,BRA,2016,f,35,1962,country_public
Brazil,BRA,2016,f,36,2072,country_public
Brazil,BRA,2016,f,37,2138,country_public
Brazil,BRA,2016,f,38,2221,country_public
Brazil,BRA,2016,f,39,2379,country_public
Brazil,BRA,2016,f,40,2464,country_public
Brazil,BRA,2016,f,41,2629,country_public
Brazil,BRA,2016,f,42,2651,country_public
Brazil,BRA,2016,f,43,2881,country_public
Brazil,BRA,2016,f,44,3101,country_public
Brazil,BRA,2016,f,45,3148,country_public
Brazil,BRA,2016,f,46,3396,country_public
Brazil,BRA,2016,f,47,3884,country_public
Brazil,BRA,2016,f,48,4094,country_public
Brazil,BRA,2016,f,49,4217,country_public
Brazil,BRA,2016,f,50,4507,country_public
Brazil,BRA,2016,f,51,4891,country_public
Brazil,BRA,2016,f,52,5195,country_public
Brazil,BRA,2016,f,53,5456,country_public
Brazil,BRA,2016,f,54,5643,country_public
Brazil,BRA,2016,f,55,5749,country_public
Brazil,BRA,2016,f,56,6254,country_public
Brazil,BRA,2016,f,57,6574,country_public
Brazil,BRA,2016,f,58,7308,country_public
Brazil,BRA,2016,f,59,7178,country_public
Brazil,BRA,2016,f,60,7578,country_public
Brazil,BRA,2016,f,61,7980,country_public
Brazil,BRA,2016,f,62,8186,country_public
Brazil,BRA,2016,f,63,8243,country_public
Brazil,BRA,2016,f,64,8682,country_public
Brazil,BRA,2016,f,65,9078,country_public
Brazil,BRA,2016,f,66,9477,country_public
Brazil,BRA,2016,f,67,9465,country_public
Brazil,BRA,2016,f,68,10185,country_public
Brazil,BRA,2016,f,69,10215,country_public
Brazil,BRA,2016,f,70,10171,country_public
Brazil,BRA,2016,f,71,10667,country_public
Brazil,BRA,2016,f,72,11054,country_public
Brazil,BRA,2016,f,73,11615,country_public
Brazil,BRA,2016,f,74,11296,country_public
Brazil,BRA,2016,f,75,11910,country_public
Brazil,BRA,2016,f,76,13651,country_public
Brazil,BRA,2016,f,77,13445,country_public
Brazil,BRA,2016,f,78,13426,country_public
Brazil,BRA,2016,f,79,14127,country_public
Brazil,BRA,2016,f,80,15096,country_public
Brazil,BRA,2016,f,81,14705,country_public
Brazil,BRA,2016,f,82,14077,country_public
Brazil,BRA,2016,f,83,14417,country_public
Brazil,BRA,2016,f,84,14690,country_public
Brazil,BRA,2016,f,85,15004,country_public
Brazil,BRA,2016,f,86,15153,country_public
Brazil,BRA,2016,f,87,14206,country_public
Brazil,BRA,2016,f,88,13501,country_public
Brazil,BRA,2016,f,89,13067,country_public
Brazil,BRA,2016,f,90,11645,country_public
Brazil,BRA,2016,f,91,10643,country_public
Brazil,BRA,2016,f,92,9173,country_public
Brazil,BRA,2016,f,93,7941,country_public
Brazil,BRA,2016,f,94,6417,country_public
Brazil,BRA,2016,f,95,5551,country_public
Brazil,BRA,2016,f,96,4711,country_public
Brazil,BRA,2016,f,97,3619,country_public
Brazil,BRA,2016,f,98,2935,country_public
Brazil,BRA,2016,f,99,2416,country_public
Brazil,BRA,2016,f,100,6433,country_public
Brazil,BRA,2016,f,TOT,572359,country_public
Brazil,BRA,2016,m,0,20188,country_public
Brazil,BRA,2016,m,1,1483,country_public
Brazil,BRA,2016,m,2,839,country_public
Brazil,BRA,2016,m,3,552,country_public
Brazil,BRA,2016,m,4,488,country_public
Brazil,BRA,2016,m,5,429,country_public
Brazil,BRA,2016,m,6,361,country_public
Brazil,BRA,2016,m,7,340,country_public
Brazil,BRA,2016,m,8,361,country_public
Brazil,BRA,2016,m,9,368,country_public
Brazil,BRA,2016,m,10,399,country_public
Brazil,BRA,2016,m,11,424,country_public
Brazil,BRA,2016,m,12,458,country_public
Brazil,BRA,2016,m,13,651,country_public
Brazil,BRA,2016,m,14,1077,country_public
Brazil,BRA,2016,m,15,1836,country_public
Brazil,BRA,2016,m,16,2990,country_public
Brazil,BRA,2016,m,17,3877,country_public
Brazil,BRA,2016,m,18,4518,country_public
Brazil,BRA,2016,m,19,4767,country_public
Brazil,BRA,2016,m,20,4910,country_public
Brazil,BRA,2016,m,21,5017,country_public
Brazil,BRA,2016,m,22,4815,country_public
Brazil,BRA,2016,m,23,4598,country_public
Brazil,BRA,2016,m,24,4256,country_public
Brazil,BRA,2016,m,25,4215,country_public
Brazil,BRA,2016,m,26,4134,country_public
Brazil,BRA,2016,m,27,4498,country_public
Brazil,BRA,2016,m,28,4461,country_public
Brazil,BRA,2016,m,29,4344,country_public
Brazil,BRA,2016,m,30,4294,country_public
Brazil,BRA,2016,m,31,4269,country_public
Brazil,BRA,2016,m,32,4380,country_public
Brazil,BRA,2016,m,33,4731,country_public
Brazil,BRA,2016,m,34,4565,country_public
Brazil,BRA,2016,m,35,4663,country_public
Brazil,BRA,2016,m,36,4747,country_public
Brazil,BRA,2016,m,37,4771,country_public
Brazil,BRA,2016,m,38,4960,country_public
Brazil,BRA,2016,m,39,4850,country_public
Brazil,BRA,2016,m,40,4935,country_public
Brazil,BRA,2016,m,41,5183,country_public
Brazil,BRA,2016,m,42,5281,country_public
Brazil,BRA,2016,m,43,5441,country_public
Brazil,BRA,2016,m,44,5564,country_public
Brazil,BRA,2016,m,45,5954,country_public
Brazil,BRA,2016,m,46,6221,country_public
Brazil,BRA,2016,m,47,6991,country_public
Brazil,BRA,2016,m,48,7097,country_public
Brazil,BRA,2016,m,49,7511,country_public
Brazil,BRA,2016,m,50,8047,country_public
Brazil,BRA,2016,m,51,8610,country_public
Brazil,BRA,2016,m,52,8913,country_public
Brazil,BRA,2016,m,53,9211,country_public
Brazil,BRA,2016,m,54,9396,country_public
Brazil,BRA,2016,m,55,9910,country_public
Brazil,BRA,2016,m,56,10507,country_public
Brazil,BRA,2016,m,57,10894,country_public
Brazil,BRA,2016,m,58,11744,country_public
Brazil,BRA,2016,m,59,11799,country_public
Brazil,BRA,2016,m,60,12043,country_public
Brazil,BRA,2016,m,61,12327,country_public
Brazil,BRA,2016,m,62,12719,country_public
Brazil,BRA,2016,m,63,13019,country_public
Brazil,BRA,2016,m,64,13397,country_public
Brazil,BRA,2016,m,65,13382,country_public
Brazil,BRA,2016,m,66,13875,country_public
Brazil,BRA,2016,m,67,13718,country_public
Brazil,BRA,2016,m,68,14183,country_public
Brazil,BRA,2016,m,69,13979,country_public
Brazil,BRA,2016,m,70,13950,country_public
Brazil,BRA,2016,m,71,13901,country_public
Brazil,BRA,2016,m,72,14337,country_public
Brazil,BRA,2016,m,73,14422,country_public
Brazil,BRA,2016,m,74,14048,country_public
Brazil,BRA,2016,m,75,14141,country_public
Brazil,BRA,2016,m,76,15433,country_public
Brazil,BRA,2016,m,77,15004,country_public
Brazil,BRA,2016,m,78,14294,country_public
Brazil,BRA,2016,m,79,14306,country_public
Brazil,BRA,2016,m,80,14831,country_public
Brazil,BRA,2016,m,81,13876,country_public
Brazil,BRA,2016,m,82,12978,country_public
Brazil,BRA,2016,m,83,12703,country_public
Brazil,BRA,2016,m,84,12375,country_public
Brazil,BRA,2016,m,85,12179,country_public
Brazil,BRA,2016,m,86,11562,country_public
Brazil,BRA,2016,m,87,10577,country_public
Brazil,BRA,2016,m,88,9572,country_public
Brazil,BRA,2016,m,89,8640,country_public
Brazil,BRA,2016,m,90,7804,country_public
Brazil,BRA,2016,m,91,6625,country_public
Brazil,BRA,2016,m,92,5582,country_public
Brazil,BRA,2016,m,93,4755,country_public
Brazil,BRA,2016,m,94,3805,country_public
Brazil,BRA,2016,m,95,3001,country_public
Brazil,BRA,2016,m,96,2536,country_public
Brazil,BRA,2016,m,97,1875,country_public
Brazil,BRA,2016,m,98,1493,country_public
Brazil,BRA,2016,m,99,1102,country_public
Brazil,BRA,2016,m,100,2832,country_public
Brazil,BRA,2016,m,TOT,736842,country_public
Brazil,BRA,2016,t,0,36344,country_public
Brazil,BRA,2016,t,1,2887,country_public
Brazil,BRA,2016,t,2,1502,country_public
Brazil,BRA,2016,t,3,983,country_public
Brazil,BRA,2016,t,4,840,country_public
Brazil,BRA,2016,t,5,725,country_public
Brazil,BRA,2016,t,6,659,country_public
Brazil,BRA,2016,t,7,618,country_public
Brazil,BRA,2016,t,8,638,country_public
Brazil,BRA,2016,t,9,657,country_public
Brazil,BRA,2016,t,10,711,country_public
Brazil,BRA,2016,t,11,715,country_public
Brazil,BRA,2016,t,12,797,country_public
Brazil,BRA,2016,t,13,1063,country_public
Brazil,BRA,2016,t,14,1591,country_public
Brazil,BRA,2016,t,15,2463,country_public
Brazil,BRA,2016,t,16,3702,country_public
Brazil,BRA,2016,t,17,4670,country_public
Brazil,BRA,2016,t,18,5342,country_public
Brazil,BRA,2016,t,19,5611,country_public
Brazil,BRA,2016,t,20,5851,country_public
Brazil,BRA,2016,t,21,6000,country_public
Brazil,BRA,2016,t,22,5762,country_public
Brazil,BRA,2016,t,23,5498,country_public
Brazil,BRA,2016,t,24,5208,country_public
Brazil,BRA,2016,t,25,5166,country_public
Brazil,BRA,2016,t,26,5192,country_public
Brazil,BRA,2016,t,27,5586,country_public
Brazil,BRA,2016,t,28,5729,country_public
Brazil,BRA,2016,t,29,5651,country_public
Brazil,BRA,2016,t,30,5643,country_public
Brazil,BRA,2016,t,31,5688,country_public
Brazil,BRA,2016,t,32,5915,country_public
Brazil,BRA,2016,t,33,6413,country_public
Brazil,BRA,2016,t,34,6439,country_public
Brazil,BRA,2016,t,35,6626,country_public
Brazil,BRA,2016,t,36,6820,country_public
Brazil,BRA,2016,t,37,6909,country_public
Brazil,BRA,2016,t,38,7182,country_public
Brazil,BRA,2016,t,39,7229,country_public
Brazil,BRA,2016,t,40,7400,country_public
Brazil,BRA,2016,t,41,7812,country_public
Brazil,BRA,2016,t,42,7933,country_public
Brazil,BRA,2016,t,43,8322,country_public
Brazil,BRA,2016,t,44,8666,country_public
Brazil,BRA,2016,t,45,9103,country_public
Brazil,BRA,2016,t,46,9617,country_public
Brazil,BRA,2016,t,47,10875,country_public
Brazil,BRA,2016,t,48,11193,country_public
Brazil,BRA,2016,t,49,11729,country_public
Brazil,BRA,2016,t,50,12554,country_public
Brazil,BRA,2016,t,51,13503,country_public
Brazil,BRA,2016,t,52,14108,country_public
Brazil,BRA,2016,t,53,14668,country_public
Brazil,BRA,2016,t,54,15040,country_public
Brazil,BRA,2016,t,55,15661,country_public
Brazil,BRA,2016,t,56,16763,country_public
Brazil,BRA,2016,t,57,17469,country_public
Brazil,BRA,2016,t,58,19053,country_public
Brazil,BRA,2016,t,59,18978,country_public
Brazil,BRA,2016,t,60,19622,country_public
Brazil,BRA,2016,t,61,20308,country_public
Brazil,BRA,2016,t,62,20908,country_public
Brazil,BRA,2016,t,63,21267,country_public
Brazil,BRA,2016,t,64,22082,country_public
Brazil,BRA,2016,t,65,22461,country_public
Brazil,BRA,2016,t,66,23352,country_public
Brazil,BRA,2016,t,67,23185,country_public
Brazil,BRA,2016,t,68,24370,country_public
Brazil,BRA,2016,t,69,24197,country_public
Brazil,BRA,2016,t,70,24123,country_public
Brazil,BRA,2016,t,71,24572,country_public
Brazil,BRA,2016,t,72,25391,country_public
Brazil,BRA,2016,t,73,26040,country_public
Brazil,BRA,2016,t,74,25346,country_public
Brazil,BRA,2016,t,75,26051,country_public
Brazil,BRA,2016,t,76,29085,country_public
Brazil,BRA,2016,t,77,28451,country_public
Brazil,BRA,2016,t,78,27721,country_public
Brazil,BRA,2016,t,79,28440,country_public
Brazil,BRA,2016,t,80,29930,country_public
Brazil,BRA,2016,t,81,28583,country_public
Brazil,BRA,2016,t,82,27059,country_public
Brazil,BRA,2016,t,83,27124,country_public
Brazil,BRA,2016,t,84,27069,country_public
Brazil,BRA,2016,t,85,27187,country_public
Brazil,BRA,2016,t,86,26717,country_public
Brazil,BRA,2016,t,87,24785,country_public
Brazil,BRA,2016,t,88,23075,country_public
Brazil,BRA,2016,t,89,21709,country_public
Brazil,BRA,2016,t,90,19450,country_public
Brazil,BRA,2016,t,91,17270,country_public
Brazil,BRA,2016,t,92,14758,country_public
Brazil,BRA,2016,t,93,12697,country_public
Brazil,BRA,2016,t,94,10224,country_public
Brazil,BRA,2016,t,95,8554,country_public
Brazil,BRA,2016,t,96,7247,country_public
Brazil,BRA,2016,t,97,5495,country_public
Brazil,BRA,2016,t,98,4428,country_public
Brazil,BRA,2016,t,99,3518,country_public
Brazil,BRA,2016,t,100,9266,country_public
Brazil,BRA,2016,t,TOT,1309774,country_public
Brazil,BRA,2017,f,0,16158,country_public
Brazil,BRA,2017,f,1,1199,country_public
Brazil,BRA,2017,f,2,674,country_public
Brazil,BRA,2017,f,3,446,country_public
Brazil,BRA,2017,f,4,375,country_public
Brazil,BRA,2017,f,5,317,country_public
Brazil,BRA,2017,f,6,280,country_public
Brazil,BRA,2017,f,7,264,country_public
Brazil,BRA,2017,f,8,232,country_public
Brazil,BRA,2017,f,9,270,country_public
Brazil,BRA,2017,f,10,264,country_public
Brazil,BRA,2017,f,11,288,country_public
Brazil,BRA,2017,f,12,345,country_public
Brazil,BRA,2017,f,13,379,country_public
Brazil,BRA,2017,f,14,505,country_public
Brazil,BRA,2017,f,15,611,country_public
Brazil,BRA,2017,f,16,697,country_public
Brazil,BRA,2017,f,17,797,country_public
Brazil,BRA,2017,f,18,811,country_public
Brazil,BRA,2017,f,19,832,country_public
Brazil,BRA,2017,f,20,946,country_public
Brazil,BRA,2017,f,21,869,country_public
Brazil,BRA,2017,f,22,912,country_public
Brazil,BRA,2017,f,23,927,country_public
Brazil,BRA,2017,f,24,905,country_public
Brazil,BRA,2017,f,25,972,country_public
Brazil,BRA,2017,f,26,972,country_public
Brazil,BRA,2017,f,27,1023,country_public
Brazil,BRA,2017,f,28,1173,country_public
Brazil,BRA,2017,f,29,1181,country_public
Brazil,BRA,2017,f,30,1380,country_public
Brazil,BRA,2017,f,31,1366,country_public
Brazil,BRA,2017,f,32,1474,country_public
Brazil,BRA,2017,f,33,1563,country_public
Brazil,BRA,2017,f,34,1693,country_public
Brazil,BRA,2017,f,35,1925,country_public
Brazil,BRA,2017,f,36,1963,country_public
Brazil,BRA,2017,f,37,2162,country_public
Brazil,BRA,2017,f,38,2192,country_public
Brazil,BRA,2017,f,39,2234,country_public
Brazil,BRA,2017,f,40,2377,country_public
Brazil,BRA,2017,f,41,2540,country_public
Brazil,BRA,2017,f,42,2586,country_public
Brazil,BRA,2017,f,43,2683,country_public
Brazil,BRA,2017,f,44,2963,country_public
Brazil,BRA,2017,f,45,3045,country_public
Brazil,BRA,2017,f,46,3283,country_public
Brazil,BRA,2017,f,47,3603,country_public
Brazil,BRA,2017,f,48,3850,country_public
Brazil,BRA,2017,f,49,4075,country_public
Brazil,BRA,2017,f,50,4404,country_public
Brazil,BRA,2017,f,51,4717,country_public
Brazil,BRA,2017,f,52,4868,country_public
Brazil,BRA,2017,f,53,5260,country_public
Brazil,BRA,2017,f,54,5666,country_public
Brazil,BRA,2017,f,55,5769,country_public
Brazil,BRA,2017,f,56,6019,country_public
Brazil,BRA,2017,f,57,6602,country_public
Brazil,BRA,2017,f,58,6784,country_public
Brazil,BRA,2017,f,59,7489,country_public
Brazil,BRA,2017,f,60,7430,country_public
Brazil,BRA,2017,f,61,7895,country_public
Brazil,BRA,2017,f,62,8295,country_public
Brazil,BRA,2017,f,63,8828,country_public
Brazil,BRA,2017,f,64,8932,country_public
Brazil,BRA,2017,f,65,9015,country_public
Brazil,BRA,2017,f,66,9502,country_public
Brazil,BRA,2017,f,67,9811,country_public
Brazil,BRA,2017,f,68,9964,country_public
Brazil,BRA,2017,f,69,10467,country_public
Brazil,BRA,2017,f,70,10645,country_public
Brazil,BRA,2017,f,71,10720,country_public
Brazil,BRA,2017,f,72,11180,country_public
Brazil,BRA,2017,f,73,11697,country_public
Brazil,BRA,2017,f,74,12158,country_public
Brazil,BRA,2017,f,75,11834,country_public
Brazil,BRA,2017,f,76,12653,country_public
Brazil,BRA,2017,f,77,14225,country_public
Brazil,BRA,2017,f,78,13882,country_public
Brazil,BRA,2017,f,79,13787,country_public
Brazil,BRA,2017,f,80,14278,country_public
Brazil,BRA,2017,f,81,15443,country_public
Brazil,BRA,2017,f,82,15081,country_public
Brazil,BRA,2017,f,83,14369,country_public
Brazil,BRA,2017,f,84,14527,country_public
Brazil,BRA,2017,f,85,14851,country_public
Brazil,BRA,2017,f,86,15222,country_public
Brazil,BRA,2017,f,87,15087,country_public
Brazil,BRA,2017,f,88,13974,country_public
Brazil,BRA,2017,f,89,13022,country_public
Brazil,BRA,2017,f,90,12188,country_public
Brazil,BRA,2017,f,91,10922,country_public
Brazil,BRA,2017,f,92,9875,country_public
Brazil,BRA,2017,f,93,8422,country_public
Brazil,BRA,2017,f,94,7059,country_public
Brazil,BRA,2017,f,95,5907,country_public
Brazil,BRA,2017,f,96,4913,country_public
Brazil,BRA,2017,f,97,4213,country_public
Brazil,BRA,2017,f,98,3220,country_public
Brazil,BRA,2017,f,99,2492,country_public
Brazil,BRA,2017,f,100,7134,country_public
Brazil,BRA,2017,f,TOT,577573,country_public
Brazil,BRA,2017,m,0,19843,country_public
Brazil,BRA,2017,m,1,1422,country_public
Brazil,BRA,2017,m,2,785,country_public
Brazil,BRA,2017,m,3,559,country_public
Brazil,BRA,2017,m,4,457,country_public
Brazil,BRA,2017,m,5,392,country_public
Brazil,BRA,2017,m,6,392,country_public
Brazil,BRA,2017,m,7,379,country_public
Brazil,BRA,2017,m,8,351,country_public
Brazil,BRA,2017,m,9,379,country_public
Brazil,BRA,2017,m,10,365,country_public
Brazil,BRA,2017,m,11,379,country_public
Brazil,BRA,2017,m,12,434,country_public
Brazil,BRA,2017,m,13,610,country_public
Brazil,BRA,2017,m,14,1040,country_public
Brazil,BRA,2017,m,15,1745,country_public
Brazil,BRA,2017,m,16,2767,country_public
Brazil,BRA,2017,m,17,3944,country_public
Brazil,BRA,2017,m,18,4522,country_public
Brazil,BRA,2017,m,19,4785,country_public
Brazil,BRA,2017,m,20,5021,country_public
Brazil,BRA,2017,m,21,5150,country_public
Brazil,BRA,2017,m,22,5071,country_public
Brazil,BRA,2017,m,23,4753,country_public
Brazil,BRA,2017,m,24,4450,country_public
Brazil,BRA,2017,m,25,4369,country_public
Brazil,BRA,2017,m,26,4130,country_public
Brazil,BRA,2017,m,27,4225,country_public
Brazil,BRA,2017,m,28,4375,country_public
Brazil,BRA,2017,m,29,4326,country_public
Brazil,BRA,2017,m,30,4383,country_public
Brazil,BRA,2017,m,31,4358,country_public
Brazil,BRA,2017,m,32,4225,country_public
Brazil,BRA,2017,m,33,4281,country_public
Brazil,BRA,2017,m,34,4627,country_public
Brazil,BRA,2017,m,35,4808,country_public
Brazil,BRA,2017,m,36,4495,country_public
Brazil,BRA,2017,m,37,4919,country_public
Brazil,BRA,2017,m,38,4798,country_public
Brazil,BRA,2017,m,39,4928,country_public
Brazil,BRA,2017,m,40,4940,country_public
Brazil,BRA,2017,m,41,5034,country_public
Brazil,BRA,2017,m,42,5201,country_public
Brazil,BRA,2017,m,43,5347,country_public
Brazil,BRA,2017,m,44,5617,country_public
Brazil,BRA,2017,m,45,5743,country_public
Brazil,BRA,2017,m,46,5982,country_public
Brazil,BRA,2017,m,47,6325,country_public
Brazil,BRA,2017,m,48,6825,country_public
Brazil,BRA,2017,m,49,7151,country_public
Brazil,BRA,2017,m,50,7640,country_public
Brazil,BRA,2017,m,51,8057,country_public
Brazil,BRA,2017,m,52,8599,country_public
Brazil,BRA,2017,m,53,9165,country_public
Brazil,BRA,2017,m,54,9253,country_public
Brazil,BRA,2017,m,55,9664,country_public
Brazil,BRA,2017,m,56,10035,country_public
Brazil,BRA,2017,m,57,10604,country_public
Brazil,BRA,2017,m,58,11054,country_public
Brazil,BRA,2017,m,59,11632,country_public
Brazil,BRA,2017,m,60,12164,country_public
Brazil,BRA,2017,m,61,12384,country_public
Brazil,BRA,2017,m,62,12642,country_public
Brazil,BRA,2017,m,63,13247,country_public
Brazil,BRA,2017,m,64,13180,country_public
Brazil,BRA,2017,m,65,13473,country_public
Brazil,BRA,2017,m,66,13646,country_public
Brazil,BRA,2017,m,67,14047,country_public
Brazil,BRA,2017,m,68,13964,country_public
Brazil,BRA,2017,m,69,14378,country_public
Brazil,BRA,2017,m,70,14274,country_public
Brazil,BRA,2017,m,71,13743,country_public
Brazil,BRA,2017,m,72,13995,country_public
Brazil,BRA,2017,m,73,14428,country_public
Brazil,BRA,2017,m,74,14799,country_public
Brazil,BRA,2017,m,75,14077,country_public
Brazil,BRA,2017,m,76,14105,country_public
Brazil,BRA,2017,m,77,15403,country_public
Brazil,BRA,2017,m,78,14965,country_public
Brazil,BRA,2017,m,79,14429,country_public
Brazil,BRA,2017,m,80,14176,country_public
Brazil,BRA,2017,m,81,14749,country_public
Brazil,BRA,2017,m,82,13628,country_public
Brazil,BRA,2017,m,83,12531,country_public
Brazil,BRA,2017,m,84,12231,country_public
Brazil,BRA,2017,m,85,12158,country_public
Brazil,BRA,2017,m,86,11370,country_public
Brazil,BRA,2017,m,87,11153,country_public
Brazil,BRA,2017,m,88,9666,country_public
Brazil,BRA,2017,m,89,8857,country_public
Brazil,BRA,2017,m,90,7939,country_public
Brazil,BRA,2017,m,91,6819,country_public
Brazil,BRA,2017,m,92,6021,country_public
Brazil,BRA,2017,m,93,4975,country_public
Brazil,BRA,2017,m,94,4033,country_public
Brazil,BRA,2017,m,95,3084,country_public
Brazil,BRA,2017,m,96,2528,country_public
Brazil,BRA,2017,m,97,2004,country_public
Brazil,BRA,2017,m,98,1520,country_public
Brazil,BRA,2017,m,99,1222,country_public
Brazil,BRA,2017,m,100,2996,country_public
Brazil,BRA,2017,m,TOT,734469,country_public
Brazil,BRA,2017,t,0,36217,country_public
Brazil,BRA,2017,t,1,2621,country_public
Brazil,BRA,2017,t,2,1459,country_public
Brazil,BRA,2017,t,3,1006,country_public
Brazil,BRA,2017,t,4,832,country_public
Brazil,BRA,2017,t,5,709,country_public
Brazil,BRA,2017,t,6,672,country_public
Brazil,BRA,2017,t,7,643,country_public
Brazil,BRA,2017,t,8,583,country_public
Brazil,BRA,2017,t,9,649,country_public
Brazil,BRA,2017,t,10,629,country_public
Brazil,BRA,2017,t,11,667,country_public
Brazil,BRA,2017,t,12,779,country_public
Brazil,BRA,2017,t,13,989,country_public
Brazil,BRA,2017,t,14,1545,country_public
Brazil,BRA,2017,t,15,2356,country_public
Brazil,BRA,2017,t,16,3464,country_public
Brazil,BRA,2017,t,17,4741,country_public
Brazil,BRA,2017,t,18,5333,country_public
Brazil,BRA,2017,t,19,5617,country_public
Brazil,BRA,2017,t,20,5969,country_public
Brazil,BRA,2017,t,21,6019,country_public
Brazil,BRA,2017,t,22,5983,country_public
Brazil,BRA,2017,t,23,5680,country_public
Brazil,BRA,2017,t,24,5355,country_public
Brazil,BRA,2017,t,25,5342,country_public
Brazil,BRA,2017,t,26,5102,country_public
Brazil,BRA,2017,t,27,5248,country_public
Brazil,BRA,2017,t,28,5549,country_public
Brazil,BRA,2017,t,29,5508,country_public
Brazil,BRA,2017,t,30,5764,country_public
Brazil,BRA,2017,t,31,5724,country_public
Brazil,BRA,2017,t,32,5699,country_public
Brazil,BRA,2017,t,33,5844,country_public
Brazil,BRA,2017,t,34,6320,country_public
Brazil,BRA,2017,t,35,6733,country_public
Brazil,BRA,2017,t,36,6458,country_public
Brazil,BRA,2017,t,37,7082,country_public
Brazil,BRA,2017,t,38,6990,country_public
Brazil,BRA,2017,t,39,7162,country_public
Brazil,BRA,2017,t,40,7317,country_public
Brazil,BRA,2017,t,41,7575,country_public
Brazil,BRA,2017,t,42,7787,country_public
Brazil,BRA,2017,t,43,8030,country_public
Brazil,BRA,2017,t,44,8581,country_public
Brazil,BRA,2017,t,45,8789,country_public
Brazil,BRA,2017,t,46,9267,country_public
Brazil,BRA,2017,t,47,9928,country_public
Brazil,BRA,2017,t,48,10677,country_public
Brazil,BRA,2017,t,49,11226,country_public
Brazil,BRA,2017,t,50,12048,country_public
Brazil,BRA,2017,t,51,12774,country_public
Brazil,BRA,2017,t,52,13467,country_public
Brazil,BRA,2017,t,53,14426,country_public
Brazil,BRA,2017,t,54,14920,country_public
Brazil,BRA,2017,t,55,15433,country_public
Brazil,BRA,2017,t,56,16055,country_public
Brazil,BRA,2017,t,57,17206,country_public
Brazil,BRA,2017,t,58,17840,country_public
Brazil,BRA,2017,t,59,19124,country_public
Brazil,BRA,2017,t,60,19597,country_public
Brazil,BRA,2017,t,61,20281,country_public
Brazil,BRA,2017,t,62,20939,country_public
Brazil,BRA,2017,t,63,22077,country_public
Brazil,BRA,2017,t,64,22113,country_public
Brazil,BRA,2017,t,65,22491,country_public
Brazil,BRA,2017,t,66,23152,country_public
Brazil,BRA,2017,t,67,23860,country_public
Brazil,BRA,2017,t,68,23929,country_public
Brazil,BRA,2017,t,69,24845,country_public
Brazil,BRA,2017,t,70,24921,country_public
Brazil,BRA,2017,t,71,24463,country_public
Brazil,BRA,2017,t,72,25175,country_public
Brazil,BRA,2017,t,73,26125,country_public
Brazil,BRA,2017,t,74,26957,country_public
Brazil,BRA,2017,t,75,25914,country_public
Brazil,BRA,2017,t,76,26759,country_public
Brazil,BRA,2017,t,77,29632,country_public
Brazil,BRA,2017,t,78,28847,country_public
Brazil,BRA,2017,t,79,28219,country_public
Brazil,BRA,2017,t,80,28454,country_public
Brazil,BRA,2017,t,81,30195,country_public
Brazil,BRA,2017,t,82,28712,country_public
Brazil,BRA,2017,t,83,26902,country_public
Brazil,BRA,2017,t,84,26759,country_public
Brazil,BRA,2017,t,85,27012,country_public
Brazil,BRA,2017,t,86,26593,country_public
Brazil,BRA,2017,t,87,26241,country_public
Brazil,BRA,2017,t,88,23640,country_public
Brazil,BRA,2017,t,89,21881,country_public
Brazil,BRA,2017,t,90,20129,country_public
Brazil,BRA,2017,t,91,17743,country_public
Brazil,BRA,2017,t,92,15896,country_public
Brazil,BRA,2017,t,93,13398,country_public
Brazil,BRA,2017,t,94,11092,country_public
Brazil,BRA,2017,t,95,8991,country_public
Brazil,BRA,2017,t,96,7441,country_public
Brazil,BRA,2017,t,97,6217,country_public
Brazil,BRA,2017,t,98,4741,country_public
Brazil,BRA,2017,t,99,3714,country_public
Brazil,BRA,2017,t,100,10131,country_public
Brazil,BRA,2017,t,TOT,1312663,country_public
Brazil,BRA,2018,f,0,16011,country_public
Brazil,BRA,2018,f,1,1197,country_public
Brazil,BRA,2018,f,2,646,country_public
Brazil,BRA,2018,f,3,463,country_public
Brazil,BRA,2018,f,4,414,country_public
Brazil,BRA,2018,f,5,325,country_public
Brazil,BRA,2018,f,6,273,country_public
Brazil,BRA,2018,f,7,244,country_public
Brazil,BRA,2018,f,8,236,country_public
Brazil,BRA,2018,f,9,249,country_public
Brazil,BRA,2018,f,10,262,country_public
Brazil,BRA,2018,f,11,267,country_public
Brazil,BRA,2018,f,12,309,country_public
Brazil,BRA,2018,f,13,437,country_public
Brazil,BRA,2018,f,14,492,country_public
Brazil,BRA,2018,f,15,549,country_public
Brazil,BRA,2018,f,16,635,country_public
Brazil,BRA,2018,f,17,686,country_public
Brazil,BRA,2018,f,18,814,country_public
Brazil,BRA,2018,f,19,812,country_public
Brazil,BRA,2018,f,20,869,country_public
Brazil,BRA,2018,f,21,859,country_public
Brazil,BRA,2018,f,22,944,country_public
Brazil,BRA,2018,f,23,967,country_public
Brazil,BRA,2018,f,24,904,country_public
Brazil,BRA,2018,f,25,936,country_public
Brazil,BRA,2018,f,26,969,country_public
Brazil,BRA,2018,f,27,982,country_public
Brazil,BRA,2018,f,28,1065,country_public
Brazil,BRA,2018,f,29,1193,country_public
Brazil,BRA,2018,f,30,1293,country_public
Brazil,BRA,2018,f,31,1378,country_public
Brazil,BRA,2018,f,32,1415,country_public
Brazil,BRA,2018,f,33,1546,country_public
Brazil,BRA,2018,f,34,1643,country_public
Brazil,BRA,2018,f,35,1810,country_public
Brazil,BRA,2018,f,36,1953,country_public
Brazil,BRA,2018,f,37,2080,country_public
Brazil,BRA,2018,f,38,2196,country_public
Brazil,BRA,2018,f,39,2245,country_public
Brazil,BRA,2018,f,40,2436,country_public
Brazil,BRA,2018,f,41,2479,country_public
Brazil,BRA,2018,f,42,2722,country_public
Brazil,BRA,2018,f,43,2807,country_public
Brazil,BRA,2018,f,44,2883,country_public
Brazil,BRA,2018,f,45,3237,country_public
Brazil,BRA,2018,f,46,3299,country_public
Brazil,BRA,2018,f,47,3475,country_public
Brazil,BRA,2018,f,48,3704,country_public
Brazil,BRA,2018,f,49,4141,country_public
Brazil,BRA,2018,f,50,4326,country_public
Brazil,BRA,2018,f,51,4573,country_public
Brazil,BRA,2018,f,52,4927,country_public
Brazil,BRA,2018,f,53,5257,country_public
Brazil,BRA,2018,f,54,5842,country_public
Brazil,BRA,2018,f,55,5891,country_public
Brazil,BRA,2018,f,56,6089,country_public
Brazil,BRA,2018,f,57,6533,country_public
Brazil,BRA,2018,f,58,6828,country_public
Brazil,BRA,2018,f,59,7385,country_public
Brazil,BRA,2018,f,60,7948,country_public
Brazil,BRA,2018,f,61,8074,country_public
Brazil,BRA,2018,f,62,8358,country_public
Brazil,BRA,2018,f,63,8600,country_public
Brazil,BRA,2018,f,64,9214,country_public
Brazil,BRA,2018,f,65,9419,country_public
Brazil,BRA,2018,f,66,9739,country_public
Brazil,BRA,2018,f,67,10145,country_public
Brazil,BRA,2018,f,68,10453,country_public
Brazil,BRA,2018,f,69,10672,country_public
Brazil,BRA,2018,f,70,11288,country_public
Brazil,BRA,2018,f,71,11278,country_public
Brazil,BRA,2018,f,72,11166,country_public
Brazil,BRA,2018,f,73,11576,country_public
Brazil,BRA,2018,f,74,12364,country_public
Brazil,BRA,2018,f,75,12489,country_public
Brazil,BRA,2018,f,76,12355,country_public
Brazil,BRA,2018,f,77,12983,country_public
Brazil,BRA,2018,f,78,14432,country_public
Brazil,BRA,2018,f,79,14275,country_public
Brazil,BRA,2018,f,80,14283,country_public
Brazil,BRA,2018,f,81,14763,country_public
Brazil,BRA,2018,f,82,15807,country_public
Brazil,BRA,2018,f,83,15314,country_public
Brazil,BRA,2018,f,84,14137,country_public
Brazil,BRA,2018,f,85,14650,country_public
Brazil,BRA,2018,f,86,14898,country_public
Brazil,BRA,2018,f,87,14613,country_public
Brazil,BRA,2018,f,88,14611,country_public
Brazil,BRA,2018,f,89,13433,country_public
Brazil,BRA,2018,f,90,12250,country_public
Brazil,BRA,2018,f,91,11440,country_public
Brazil,BRA,2018,f,92,9907,country_public
Brazil,BRA,2018,f,93,8783,country_public
Brazil,BRA,2018,f,94,7261,country_public
Brazil,BRA,2018,f,95,6171,country_public
Brazil,BRA,2018,f,96,4841,country_public
Brazil,BRA,2018,f,97,3954,country_public
Brazil,BRA,2018,f,98,3299,country_public
Brazil,BRA,2018,f,99,2401,country_public
Brazil,BRA,2018,f,100,7133,country_public
Brazil,BRA,2018,f,TOT,582457,country_public
Brazil,BRA,2018,m,0,19625,country_public
Brazil,BRA,2018,m,1,1376,country_public
Brazil,BRA,2018,m,2,797,country_public
Brazil,BRA,2018,m,3,551,country_public
Brazil,BRA,2018,m,4,425,country_public
Brazil,BRA,2018,m,5,385,country_public
Brazil,BRA,2018,m,6,352,country_public
Brazil,BRA,2018,m,7,339,country_public
Brazil,BRA,2018,m,8,332,country_public
Brazil,BRA,2018,m,9,337,country_public
Brazil,BRA,2018,m,10,321,country_public
Brazil,BRA,2018,m,11,369,country_public
Brazil,BRA,2018,m,12,454,country_public
Brazil,BRA,2018,m,13,564,country_public
Brazil,BRA,2018,m,14,888,country_public
Brazil,BRA,2018,m,15,1492,country_public
Brazil,BRA,2018,m,16,2355,country_public
Brazil,BRA,2018,m,17,3293,country_public
Brazil,BRA,2018,m,18,4143,country_public
Brazil,BRA,2018,m,19,4321,country_public
Brazil,BRA,2018,m,20,4644,country_public
Brazil,BRA,2018,m,21,4596,country_public
Brazil,BRA,2018,m,22,4604,country_public
Brazil,BRA,2018,m,23,4552,country_public
Brazil,BRA,2018,m,24,4062,country_public
Brazil,BRA,2018,m,25,4137,country_public
Brazil,BRA,2018,m,26,3984,country_public
Brazil,BRA,2018,m,27,3800,country_public
Brazil,BRA,2018,m,28,3824,country_public
Brazil,BRA,2018,m,29,4057,country_public
Brazil,BRA,2018,m,30,4164,country_public
Brazil,BRA,2018,m,31,3938,country_public
Brazil,BRA,2018,m,32,4120,country_public
Brazil,BRA,2018,m,33,3988,country_public
Brazil,BRA,2018,m,34,4172,country_public
Brazil,BRA,2018,m,35,4470,country_public
Brazil,BRA,2018,m,36,4724,country_public
Brazil,BRA,2018,m,37,4552,country_public
Brazil,BRA,2018,m,38,4679,country_public
Brazil,BRA,2018,m,39,4775,country_public
Brazil,BRA,2018,m,40,5077,country_public
Brazil,BRA,2018,m,41,4879,country_public
Brazil,BRA,2018,m,42,5055,country_public
Brazil,BRA,2018,m,43,5338,country_public
Brazil,BRA,2018,m,44,5440,country_public
Brazil,BRA,2018,m,45,5745,country_public
Brazil,BRA,2018,m,46,5949,country_public
Brazil,BRA,2018,m,47,6293,country_public
Brazil,BRA,2018,m,48,6726,country_public
Brazil,BRA,2018,m,49,7130,country_public
Brazil,BRA,2018,m,50,7872,country_public
Brazil,BRA,2018,m,51,8004,country_public
Brazil,BRA,2018,m,52,8434,country_public
Brazil,BRA,2018,m,53,9020,country_public
Brazil,BRA,2018,m,54,9653,country_public
Brazil,BRA,2018,m,55,10047,country_public
Brazil,BRA,2018,m,56,10150,country_public
Brazil,BRA,2018,m,57,10802,country_public
Brazil,BRA,2018,m,58,11183,country_public
Brazil,BRA,2018,m,59,11560,country_public
Brazil,BRA,2018,m,60,12497,country_public
Brazil,BRA,2018,m,61,12827,country_public
Brazil,BRA,2018,m,62,12863,country_public
Brazil,BRA,2018,m,63,13428,country_public
Brazil,BRA,2018,m,64,13685,country_public
Brazil,BRA,2018,m,65,13663,country_public
Brazil,BRA,2018,m,66,14154,country_public
Brazil,BRA,2018,m,67,14162,country_public
Brazil,BRA,2018,m,68,14665,country_public
Brazil,BRA,2018,m,69,14563,country_public
Brazil,BRA,2018,m,70,14920,country_public
Brazil,BRA,2018,m,71,14613,country_public
Brazil,BRA,2018,m,72,14543,country_public
Brazil,BRA,2018,m,73,14645,country_public
Brazil,BRA,2018,m,74,14771,country_public
Brazil,BRA,2018,m,75,14712,country_public
Brazil,BRA,2018,m,76,14508,country_public
Brazil,BRA,2018,m,77,14176,country_public
Brazil,BRA,2018,m,78,15840,country_public
Brazil,BRA,2018,m,79,14965,country_public
Brazil,BRA,2018,m,80,14291,country_public
Brazil,BRA,2018,m,81,13804,country_public
Brazil,BRA,2018,m,82,14330,country_public
Brazil,BRA,2018,m,83,13166,country_public
Brazil,BRA,2018,m,84,12189,country_public
Brazil,BRA,2018,m,85,11691,country_public
Brazil,BRA,2018,m,86,11432,country_public
Brazil,BRA,2018,m,87,11053,country_public
Brazil,BRA,2018,m,88,10143,country_public
Brazil,BRA,2018,m,89,8802,country_public
Brazil,BRA,2018,m,90,7756,country_public
Brazil,BRA,2018,m,91,6881,country_public
Brazil,BRA,2018,m,92,5947,country_public
Brazil,BRA,2018,m,93,5108,country_public
Brazil,BRA,2018,m,94,4122,country_public
Brazil,BRA,2018,m,95,3266,country_public
Brazil,BRA,2018,m,96,2552,country_public
Brazil,BRA,2018,m,97,1947,country_public
Brazil,BRA,2018,m,98,1559,country_public
Brazil,BRA,2018,m,99,1169,country_public
Brazil,BRA,2018,m,100,3086,country_public
Brazil,BRA,2018,m,TOT,733616,country_public
Brazil,BRA,2018,t,0,35857,country_public
Brazil,BRA,2018,t,1,2573,country_public
Brazil,BRA,2018,t,2,1443,country_public
Brazil,BRA,2018,t,3,1014,country_public
Brazil,BRA,2018,t,4,839,country_public
Brazil,BRA,2018,t,5,710,country_public
Brazil,BRA,2018,t,6,625,country_public
Brazil,BRA,2018,t,7,583,country_public
Brazil,BRA,2018,t,8,568,country_public
Brazil,BRA,2018,t,9,586,country_public
Brazil,BRA,2018,t,10,583,country_public
Brazil,BRA,2018,t,11,636,country_public
Brazil,BRA,2018,t,12,763,country_public
Brazil,BRA,2018,t,13,1001,country_public
Brazil,BRA,2018,t,14,1380,country_public
Brazil,BRA,2018,t,15,2041,country_public
Brazil,BRA,2018,t,16,2991,country_public
Brazil,BRA,2018,t,17,3979,country_public
Brazil,BRA,2018,t,18,4958,country_public
Brazil,BRA,2018,t,19,5133,country_public
Brazil,BRA,2018,t,20,5514,country_public
Brazil,BRA,2018,t,21,5455,country_public
Brazil,BRA,2018,t,22,5548,country_public
Brazil,BRA,2018,t,23,5519,country_public
Brazil,BRA,2018,t,24,4966,country_public
Brazil,BRA,2018,t,25,5073,country_public
Brazil,BRA,2018,t,26,4953,country_public
Brazil,BRA,2018,t,27,4783,country_public
Brazil,BRA,2018,t,28,4890,country_public
Brazil,BRA,2018,t,29,5251,country_public
Brazil,BRA,2018,t,30,5458,country_public
Brazil,BRA,2018,t,31,5318,country_public
Brazil,BRA,2018,t,32,5537,country_public
Brazil,BRA,2018,t,33,5534,country_public
Brazil,BRA,2018,t,34,5815,country_public
Brazil,BRA,2018,t,35,6280,country_public
Brazil,BRA,2018,t,36,6678,country_public
Brazil,BRA,2018,t,37,6634,country_public
Brazil,BRA,2018,t,38,6877,country_public
Brazil,BRA,2018,t,39,7020,country_public
Brazil,BRA,2018,t,40,7516,country_public
Brazil,BRA,2018,t,41,7359,country_public
Brazil,BRA,2018,t,42,7778,country_public
Brazil,BRA,2018,t,43,8148,country_public
Brazil,BRA,2018,t,44,8323,country_public
Brazil,BRA,2018,t,45,8982,country_public
Brazil,BRA,2018,t,46,9249,country_public
Brazil,BRA,2018,t,47,9768,country_public
Brazil,BRA,2018,t,48,10430,country_public
Brazil,BRA,2018,t,49,11273,country_public
Brazil,BRA,2018,t,50,12202,country_public
Brazil,BRA,2018,t,51,12578,country_public
Brazil,BRA,2018,t,52,13361,country_public
Brazil,BRA,2018,t,53,14280,country_public
Brazil,BRA,2018,t,54,15499,country_public
Brazil,BRA,2018,t,55,15939,country_public
Brazil,BRA,2018,t,56,16244,country_public
Brazil,BRA,2018,t,57,17338,country_public
Brazil,BRA,2018,t,58,18015,country_public
Brazil,BRA,2018,t,59,18945,country_public
Brazil,BRA,2018,t,60,20447,country_public
Brazil,BRA,2018,t,61,20904,country_public
Brazil,BRA,2018,t,62,21222,country_public
Brazil,BRA,2018,t,63,22028,country_public
Brazil,BRA,2018,t,64,22902,country_public
Brazil,BRA,2018,t,65,23087,country_public
Brazil,BRA,2018,t,66,23897,country_public
Brazil,BRA,2018,t,67,24309,country_public
Brazil,BRA,2018,t,68,25122,country_public
Brazil,BRA,2018,t,69,25238,country_public
Brazil,BRA,2018,t,70,26210,country_public
Brazil,BRA,2018,t,71,25893,country_public
Brazil,BRA,2018,t,72,25713,country_public
Brazil,BRA,2018,t,73,26223,country_public
Brazil,BRA,2018,t,74,27136,country_public
Brazil,BRA,2018,t,75,27202,country_public
Brazil,BRA,2018,t,76,26864,country_public
Brazil,BRA,2018,t,77,27163,country_public
Brazil,BRA,2018,t,78,30275,country_public
Brazil,BRA,2018,t,79,29240,country_public
Brazil,BRA,2018,t,80,28579,country_public
Brazil,BRA,2018,t,81,28568,country_public
Brazil,BRA,2018,t,82,30142,country_public
Brazil,BRA,2018,t,83,28481,country_public
Brazil,BRA,2018,t,84,26327,country_public
Brazil,BRA,2018,t,85,26343,country_public
Brazil,BRA,2018,t,86,26331,country_public
Brazil,BRA,2018,t,87,25667,country_public
Brazil,BRA,2018,t,88,24755,country_public
Brazil,BRA,2018,t,89,22238,country_public
Brazil,BRA,2018,t,90,20007,country_public
Brazil,BRA,2018,t,91,18321,country_public
Brazil,BRA,2018,t,92,15856,country_public
Brazil,BRA,2018,t,93,13893,country_public
Brazil,BRA,2018,t,94,11383,country_public
Brazil,BRA,2018,t,95,9437,country_public
Brazil,BRA,2018,t,96,7393,country_public
Brazil,BRA,2018,t,97,5902,country_public
Brazil,BRA,2018,t,98,4858,country_public
Brazil,BRA,2018,t,99,3571,country_public
Brazil,BRA,2018,t,100,10219,country_public
Brazil,BRA,2018,t,TOT,1316719,country_public
Brazil,BRA,2019,f,0,15658,country_public
Brazil,BRA,2019,f,1,1146,country_public
Brazil,BRA,2019,f,2,595,country_public
Brazil,BRA,2019,f,3,449,country_public
Brazil,BRA,2019,f,4,357,country_public
Brazil,BRA,2019,f,5,303,country_public
Brazil,BRA,2019,f,6,288,country_public
Brazil,BRA,2019,f,7,307,country_public
Brazil,BRA,2019,f,8,252,country_public
Brazil,BRA,2019,f,9,240,country_public
Brazil,BRA,2019,f,10,282,country_public
Brazil,BRA,2019,f,11,280,country_public
Brazil,BRA,2019,f,12,288,country_public
Brazil,BRA,2019,f,13,360,country_public
Brazil,BRA,2019,f,14,494,country_public
Brazil,BRA,2019,f,15,527,country_public
Brazil,BRA,2019,f,16,585,country_public
Brazil,BRA,2019,f,17,650,country_public
Brazil,BRA,2019,f,18,782,country_public
Brazil,BRA,2019,f,19,837,country_public
Brazil,BRA,2019,f,20,871,country_public
Brazil,BRA,2019,f,21,881,country_public
Brazil,BRA,2019,f,22,922,country_public
Brazil,BRA,2019,f,23,954,country_public
Brazil,BRA,2019,f,24,994,country_public
Brazil,BRA,2019,f,25,1010,country_public
Brazil,BRA,2019,f,26,998,country_public
Brazil,BRA,2019,f,27,1004,country_public
Brazil,BRA,2019,f,28,1117,country_public
Brazil,BRA,2019,f,29,1152,country_public
Brazil,BRA,2019,f,30,1230,country_public
Brazil,BRA,2019,f,31,1330,country_public
Brazil,BRA,2019,f,32,1493,country_public
Brazil,BRA,2019,f,33,1554,country_public
Brazil,BRA,2019,f,34,1636,country_public
Brazil,BRA,2019,f,35,1724,country_public
Brazil,BRA,2019,f,36,1972,country_public
Brazil,BRA,2019,f,37,2106,country_public
Brazil,BRA,2019,f,38,2188,country_public
Brazil,BRA,2019,f,39,2395,country_public
Brazil,BRA,2019,f,40,2478,country_public
Brazil,BRA,2019,f,41,2624,country_public
Brazil,BRA,2019,f,42,2745,country_public
Brazil,BRA,2019,f,43,2898,country_public
Brazil,BRA,2019,f,44,3015,country_public
Brazil,BRA,2019,f,45,3105,country_public
Brazil,BRA,2019,f,46,3399,country_public
Brazil,BRA,2019,f,47,3500,country_public
Brazil,BRA,2019,f,48,3738,country_public
Brazil,BRA,2019,f,49,4140,country_public
Brazil,BRA,2019,f,50,4355,country_public
Brazil,BRA,2019,f,51,4617,country_public
Brazil,BRA,2019,f,52,4867,country_public
Brazil,BRA,2019,f,53,5338,country_public
Brazil,BRA,2019,f,54,5574,country_public
Brazil,BRA,2019,f,55,6187,country_public
Brazil,BRA,2019,f,56,6312,country_public
Brazil,BRA,2019,f,57,6572,country_public
Brazil,BRA,2019,f,58,6871,country_public
Brazil,BRA,2019,f,59,7544,country_public
Brazil,BRA,2019,f,60,7933,country_public
Brazil,BRA,2019,f,61,8503,country_public
Brazil,BRA,2019,f,62,8716,country_public
Brazil,BRA,2019,f,63,9123,country_public
Brazil,BRA,2019,f,64,9147,country_public
Brazil,BRA,2019,f,65,9909,country_public
Brazil,BRA,2019,f,66,10127,country_public
Brazil,BRA,2019,f,67,10403,country_public
Brazil,BRA,2019,f,68,10873,country_public
Brazil,BRA,2019,f,69,11537,country_public
Brazil,BRA,2019,f,70,11421,country_public
Brazil,BRA,2019,f,71,12018,country_public
Brazil,BRA,2019,f,72,12039,country_public
Brazil,BRA,2019,f,73,12070,country_public
Brazil,BRA,2019,f,74,12196,country_public
Brazil,BRA,2019,f,75,13133,country_public
Brazil,BRA,2019,f,76,13655,country_public
Brazil,BRA,2019,f,77,13312,country_public
Brazil,BRA,2019,f,78,13576,country_public
Brazil,BRA,2019,f,79,15480,country_public
Brazil,BRA,2019,f,80,15346,country_public
Brazil,BRA,2019,f,81,14909,country_public
Brazil,BRA,2019,f,82,15552,country_public
Brazil,BRA,2019,f,83,16463,country_public
Brazil,BRA,2019,f,84,15861,country_public
Brazil,BRA,2019,f,85,14908,country_public
Brazil,BRA,2019,f,86,14793,country_public
Brazil,BRA,2019,f,87,15045,country_public
Brazil,BRA,2019,f,88,14744,country_public
Brazil,BRA,2019,f,89,14720,country_public
Brazil,BRA,2019,f,90,13206,country_public
Brazil,BRA,2019,f,91,11961,country_public
Brazil,BRA,2019,f,92,11081,country_public
Brazil,BRA,2019,f,93,9419,country_public
Brazil,BRA,2019,f,94,8151,country_public
Brazil,BRA,2019,f,95,6678,country_public
Brazil,BRA,2019,f,96,5365,country_public
Brazil,BRA,2019,f,97,4176,country_public
Brazil,BRA,2019,f,98,3353,country_public
Brazil,BRA,2019,f,99,2772,country_public
Brazil,BRA,2019,f,100,7726,country_public
Brazil,BRA,2019,f,TOT,603725,country_public
Brazil,BRA,2019,m,0,19437,country_public
Brazil,BRA,2019,m,1,1449,country_public
Brazil,BRA,2019,m,2,791,country_public
Brazil,BRA,2019,m,3,564,country_public
Brazil,BRA,2019,m,4,471,country_public
Brazil,BRA,2019,m,5,387,country_public
Brazil,BRA,2019,m,6,348,country_public
Brazil,BRA,2019,m,7,358,country_public
Brazil,BRA,2019,m,8,336,country_public
Brazil,BRA,2019,m,9,346,country_public
Brazil,BRA,2019,m,10,363,country_public
Brazil,BRA,2019,m,11,354,country_public
Brazil,BRA,2019,m,12,461,country_public
Brazil,BRA,2019,m,13,530,country_public
Brazil,BRA,2019,m,14,811,country_public
Brazil,BRA,2019,m,15,1267,country_public
Brazil,BRA,2019,m,16,2033,country_public
Brazil,BRA,2019,m,17,2755,country_public
Brazil,BRA,2019,m,18,3246,country_public
Brazil,BRA,2019,m,19,4017,country_public
Brazil,BRA,2019,m,20,4079,country_public
Brazil,BRA,2019,m,21,4077,country_public
Brazil,BRA,2019,m,22,4105,country_public
Brazil,BRA,2019,m,23,4106,country_public
Brazil,BRA,2019,m,24,3968,country_public
Brazil,BRA,2019,m,25,3876,country_public
Brazil,BRA,2019,m,26,3766,country_public
Brazil,BRA,2019,m,27,3703,country_public
Brazil,BRA,2019,m,28,3603,country_public
Brazil,BRA,2019,m,29,3672,country_public
Brazil,BRA,2019,m,30,3874,country_public
Brazil,BRA,2019,m,31,3939,country_public
Brazil,BRA,2019,m,32,3920,country_public
Brazil,BRA,2019,m,33,3952,country_public
Brazil,BRA,2019,m,34,4017,country_public
Brazil,BRA,2019,m,35,4116,country_public
Brazil,BRA,2019,m,36,4373,country_public
Brazil,BRA,2019,m,37,4691,country_public
Brazil,BRA,2019,m,38,4694,country_public
Brazil,BRA,2019,m,39,4770,country_public
Brazil,BRA,2019,m,40,4860,country_public
Brazil,BRA,2019,m,41,5082,country_public
Brazil,BRA,2019,m,42,5138,country_public
Brazil,BRA,2019,m,43,5301,country_public
Brazil,BRA,2019,m,44,5544,country_public
Brazil,BRA,2019,m,45,5621,country_public
Brazil,BRA,2019,m,46,6014,country_public
Brazil,BRA,2019,m,47,6135,country_public
Brazil,BRA,2019,m,48,6548,country_public
Brazil,BRA,2019,m,49,7063,country_public
Brazil,BRA,2019,m,50,7577,country_public
Brazil,BRA,2019,m,51,7922,country_public
Brazil,BRA,2019,m,52,8459,country_public
Brazil,BRA,2019,m,53,9231,country_public
Brazil,BRA,2019,m,54,9479,country_public
Brazil,BRA,2019,m,55,10287,country_public
Brazil,BRA,2019,m,56,10361,country_public
Brazil,BRA,2019,m,57,10871,country_public
Brazil,BRA,2019,m,58,11221,country_public
Brazil,BRA,2019,m,59,11782,country_public
Brazil,BRA,2019,m,60,12309,country_public
Brazil,BRA,2019,m,61,13236,country_public
Brazil,BRA,2019,m,62,13402,country_public
Brazil,BRA,2019,m,63,13617,country_public
Brazil,BRA,2019,m,64,13860,country_public
Brazil,BRA,2019,m,65,14324,country_public
Brazil,BRA,2019,m,66,14529,country_public
Brazil,BRA,2019,m,67,14892,country_public
Brazil,BRA,2019,m,68,14907,country_public
Brazil,BRA,2019,m,69,15464,country_public
Brazil,BRA,2019,m,70,15166,country_public
Brazil,BRA,2019,m,71,15637,country_public
Brazil,BRA,2019,m,72,15410,country_public
Brazil,BRA,2019,m,73,14988,country_public
Brazil,BRA,2019,m,74,14964,country_public
Brazil,BRA,2019,m,75,15449,country_public
Brazil,BRA,2019,m,76,15695,country_public
Brazil,BRA,2019,m,77,14675,country_public
Brazil,BRA,2019,m,78,14999,country_public
Brazil,BRA,2019,m,79,16147,country_public
Brazil,BRA,2019,m,80,15230,country_public
Brazil,BRA,2019,m,81,14737,country_public
Brazil,BRA,2019,m,82,14066,country_public
Brazil,BRA,2019,m,83,14451,country_public
Brazil,BRA,2019,m,84,13224,country_public
Brazil,BRA,2019,m,85,12100,country_public
Brazil,BRA,2019,m,86,11756,country_public
Brazil,BRA,2019,m,87,11156,country_public
Brazil,BRA,2019,m,88,10668,country_public
Brazil,BRA,2019,m,89,9773,country_public
Brazil,BRA,2019,m,90,8402,country_public
Brazil,BRA,2019,m,91,7326,country_public
Brazil,BRA,2019,m,92,6344,country_public
Brazil,BRA,2019,m,93,5453,country_public
Brazil,BRA,2019,m,94,4468,country_public
Brazil,BRA,2019,m,95,3517,country_public
Brazil,BRA,2019,m,96,2775,country_public
Brazil,BRA,2019,m,97,2271,country_public
Brazil,BRA,2019,m,98,1595,country_public
Brazil,BRA,2019,m,99,1282,country_public
Brazil,BRA,2019,m,100,3290,country_public
Brazil,BRA,2019,m,TOT,745519,country_public
Brazil,BRA,2019,t,0,35293,country_public
Brazil,BRA,2019,t,1,2595,country_public
Brazil,BRA,2019,t,2,1386,country_public
Brazil,BRA,2019,t,3,1013,country_public
Brazil,BRA,2019,t,4,828,country_public
Brazil,BRA,2019,t,5,691,country_public
Brazil,BRA,2019,t,6,636,country_public
Brazil,BRA,2019,t,7,665,country_public
Brazil,BRA,2019,t,8,588,country_public
Brazil,BRA,2019,t,9,586,country_public
Brazil,BRA,2019,t,10,645,country_public
Brazil,BRA,2019,t,11,635,country_public
Brazil,BRA,2019,t,12,749,country_public
Brazil,BRA,2019,t,13,890,country_public
Brazil,BRA,2019,t,14,1305,country_public
Brazil,BRA,2019,t,15,1794,country_public
Brazil,BRA,2019,t,16,2618,country_public
Brazil,BRA,2019,t,17,3405,country_public
Brazil,BRA,2019,t,18,4028,country_public
Brazil,BRA,2019,t,19,4856,country_public
Brazil,BRA,2019,t,20,4950,country_public
Brazil,BRA,2019,t,21,4958,country_public
Brazil,BRA,2019,t,22,5027,country_public
Brazil,BRA,2019,t,23,5061,country_public
Brazil,BRA,2019,t,24,4962,country_public
Brazil,BRA,2019,t,25,4886,country_public
Brazil,BRA,2019,t,26,4764,country_public
Brazil,BRA,2019,t,27,4708,country_public
Brazil,BRA,2019,t,28,4721,country_public
Brazil,BRA,2019,t,29,4825,country_public
Brazil,BRA,2019,t,30,5106,country_public
Brazil,BRA,2019,t,31,5271,country_public
Brazil,BRA,2019,t,32,5414,country_public
Brazil,BRA,2019,t,33,5506,country_public
Brazil,BRA,2019,t,34,5654,country_public
Brazil,BRA,2019,t,35,5842,country_public
Brazil,BRA,2019,t,36,6345,country_public
Brazil,BRA,2019,t,37,6797,country_public
Brazil,BRA,2019,t,38,6884,country_public
Brazil,BRA,2019,t,39,7165,country_public
Brazil,BRA,2019,t,40,7340,country_public
Brazil,BRA,2019,t,41,7706,country_public
Brazil,BRA,2019,t,42,7883,country_public
Brazil,BRA,2019,t,43,8199,country_public
Brazil,BRA,2019,t,44,8561,country_public
Brazil,BRA,2019,t,45,8726,country_public
Brazil,BRA,2019,t,46,9415,country_public
Brazil,BRA,2019,t,47,9636,country_public
Brazil,BRA,2019,t,48,10287,country_public
Brazil,BRA,2019,t,49,11204,country_public
Brazil,BRA,2019,t,50,11934,country_public
Brazil,BRA,2019,t,51,12540,country_public
Brazil,BRA,2019,t,52,13326,country_public
Brazil,BRA,2019,t,53,14571,country_public
Brazil,BRA,2019,t,54,15053,country_public
Brazil,BRA,2019,t,55,16475,country_public
Brazil,BRA,2019,t,56,16673,country_public
Brazil,BRA,2019,t,57,17443,country_public
Brazil,BRA,2019,t,58,18092,country_public
Brazil,BRA,2019,t,59,19327,country_public
Brazil,BRA,2019,t,60,20242,country_public
Brazil,BRA,2019,t,61,21739,country_public
Brazil,BRA,2019,t,62,22119,country_public
Brazil,BRA,2019,t,63,22742,country_public
Brazil,BRA,2019,t,64,23007,country_public
Brazil,BRA,2019,t,65,24236,country_public
Brazil,BRA,2019,t,66,24657,country_public
Brazil,BRA,2019,t,67,25297,country_public
Brazil,BRA,2019,t,68,25781,country_public
Brazil,BRA,2019,t,69,27002,country_public
Brazil,BRA,2019,t,70,26587,country_public
Brazil,BRA,2019,t,71,27655,country_public
Brazil,BRA,2019,t,72,27450,country_public
Brazil,BRA,2019,t,73,27060,country_public
Brazil,BRA,2019,t,74,27161,country_public
Brazil,BRA,2019,t,75,28585,country_public
Brazil,BRA,2019,t,76,29350,country_public
Brazil,BRA,2019,t,77,27987,country_public
Brazil,BRA,2019,t,78,28576,country_public
Brazil,BRA,2019,t,79,31629,country_public
Brazil,BRA,2019,t,80,30577,country_public
Brazil,BRA,2019,t,81,29647,country_public
Brazil,BRA,2019,t,82,29620,country_public
Brazil,BRA,2019,t,83,30916,country_public
Brazil,BRA,2019,t,84,29086,country_public
Brazil,BRA,2019,t,85,27008,country_public
Brazil,BRA,2019,t,86,26552,country_public
Brazil,BRA,2019,t,87,26203,country_public
Brazil,BRA,2019,t,88,25414,country_public
Brazil,BRA,2019,t,89,24494,country_public
Brazil,BRA,2019,t,90,21609,country_public
Brazil,BRA,2019,t,91,19288,country_public
Brazil,BRA,2019,t,92,17426,country_public
Brazil,BRA,2019,t,93,14873,country_public
Brazil,BRA,2019,t,94,12619,country_public
Brazil,BRA,2019,t,95,10197,country_public
Brazil,BRA,2019,t,96,8140,country_public
Brazil,BRA,2019,t,97,6447,country_public
Brazil,BRA,2019,t,98,4948,country_public
Brazil,BRA,2019,t,99,4056,country_public
Brazil,BRA,2019,t,100,11018,country_public
Brazil,BRA,2019,t,TOT,1349801,country_public
Brazil,BRA,2020,f,0,13900,country_public
Brazil,BRA,2020,f,1,929,country_public
Brazil,BRA,2020,f,2,534,country_public
Brazil,BRA,2020,f,3,341,country_public
Brazil,BRA,2020,f,4,284,country_public
Brazil,BRA,2020,f,5,276,country_public
Brazil,BRA,2020,f,6,213,country_public
Brazil,BRA,2020,f,7,201,country_public
Brazil,BRA,2020,f,8,187,country_public
Brazil,BRA,2020,f,9,192,country_public
Brazil,BRA,2020,f,10,226,country_public
Brazil,BRA,2020,f,11,262,country_public
Brazil,BRA,2020,f,12,257,country_public
Brazil,BRA,2020,f,13,363,country_public
Brazil,BRA,2020,f,14,447,country_public
Brazil,BRA,2020,f,15,513,country_public
Brazil,BRA,2020,f,16,590,country_public
Brazil,BRA,2020,f,17,694,country_public
Brazil,BRA,2020,f,18,769,country_public
Brazil,BRA,2020,f,19,883,country_public
Brazil,BRA,2020,f,20,949,country_public
Brazil,BRA,2020,f,21,978,country_public
Brazil,BRA,2020,f,22,992,country_public
Brazil,BRA,2020,f,23,1037,country_public
Brazil,BRA,2020,f,24,1072,country_public
Brazil,BRA,2020,f,25,1181,country_public
Brazil,BRA,2020,f,26,1114,country_public
Brazil,BRA,2020,f,27,1163,country_public
Brazil,BRA,2020,f,28,1182,country_public
Brazil,BRA,2020,f,29,1266,country_public
Brazil,BRA,2020,f,30,1357,country_public
Brazil,BRA,2020,f,31,1566,country_public
Brazil,BRA,2020,f,32,1593,country_public
Brazil,BRA,2020,f,33,1733,country_public
Brazil,BRA,2020,f,34,1902,country_public
Brazil,BRA,2020,f,35,2092,country_public
Brazil,BRA,2020,f,36,2105,country_public
Brazil,BRA,2020,f,37,2525,country_public
Brazil,BRA,2020,f,38,2668,country_public
Brazil,BRA,2020,f,39,2711,country_public
Brazil,BRA,2020,f,40,3002,country_public
Brazil,BRA,2020,f,41,3170,country_public
Brazil,BRA,2020,f,42,3306,country_public
Brazil,BRA,2020,f,43,3346,country_public
Brazil,BRA,2020,f,44,3579,country_public
Brazil,BRA,2020,f,45,3787,country_public
Brazil,BRA,2020,f,46,3965,country_public
Brazil,BRA,2020,f,47,4246,country_public
Brazil,BRA,2020,f,48,4415,country_public
Brazil,BRA,2020,f,49,4677,country_public
Brazil,BRA,2020,f,50,4996,country_public
Brazil,BRA,2020,f,51,5245,country_public
Brazil,BRA,2020,f,52,5810,country_public
Brazil,BRA,2020,f,53,6218,country_public
Brazil,BRA,2020,f,54,6424,country_public
Brazil,BRA,2020,f,55,6994,country_public
Brazil,BRA,2020,f,56,7532,country_public
Brazil,BRA,2020,f,57,7895,country_public
Brazil,BRA,2020,f,58,8142,country_public
Brazil,BRA,2020,f,59,8594,country_public
Brazil,BRA,2020,f,60,9459,country_public
Brazil,BRA,2020,f,61,9769,country_public
Brazil,BRA,2020,f,62,10436,country_public
Brazil,BRA,2020,f,63,10732,country_public
Brazil,BRA,2020,f,64,11331,country_public
Brazil,BRA,2020,f,65,11543,country_public
Brazil,BRA,2020,f,66,12177,country_public
Brazil,BRA,2020,f,67,12529,country_public
Brazil,BRA,2020,f,68,12873,country_public
Brazil,BRA,2020,f,69,13299,country_public
Brazil,BRA,2020,f,70,13986,country_public
Brazil,BRA,2020,f,71,13925,country_public
Brazil,BRA,2020,f,72,14641,country_public
Brazil,BRA,2020,f,73,14564,country_public
Brazil,BRA,2020,f,74,14412,country_public
Brazil,BRA,2020,f,75,14866,country_public
Brazil,BRA,2020,f,76,15499,country_public
Brazil,BRA,2020,f,77,15670,country_public
Brazil,BRA,2020,f,78,15393,country_public
Brazil,BRA,2020,f,79,15893,country_public
Brazil,BRA,2020,f,80,17591,country_public
Brazil,BRA,2020,f,81,17261,country_public
Brazil,BRA,2020,f,82,17245,country_public
Brazil,BRA,2020,f,83,17456,country_public
Brazil,BRA,2020,f,84,18593,country_public
Brazil,BRA,2020,f,85,17233,country_public
Brazil,BRA,2020,f,86,15786,country_public
Brazil,BRA,2020,f,87,15428,country_public
Brazil,BRA,2020,f,88,15586,country_public
Brazil,BRA,2020,f,89,15291,country_public
Brazil,BRA,2020,f,90,14776,country_public
Brazil,BRA,2020,f,91,12817,country_public
Brazil,BRA,2020,f,92,11800,country_public
Brazil,BRA,2020,f,93,10443,country_public
Brazil,BRA,2020,f,94,8834,country_public
Brazil,BRA,2020,f,95,7472,country_public
Brazil,BRA,2020,f,96,5790,country_public
Brazil,BRA,2020,f,97,4701,country_public
Brazil,BRA,2020,f,98,3502,country_public
Brazil,BRA,2020,f,99,2812,country_public
Brazil,BRA,2020,f,100,8101,country_public
Brazil,BRA,2020,f,TOT,680329,country_public
Brazil,BRA,2020,m,0,17237,country_public
Brazil,BRA,2020,m,1,1011,country_public
Brazil,BRA,2020,m,2,627,country_public
Brazil,BRA,2020,m,3,441,country_public
Brazil,BRA,2020,m,4,387,country_public
Brazil,BRA,2020,m,5,344,country_public
Brazil,BRA,2020,m,6,307,country_public
Brazil,BRA,2020,m,7,292,country_public
Brazil,BRA,2020,m,8,266,country_public
Brazil,BRA,2020,m,9,290,country_public
Brazil,BRA,2020,m,10,336,country_public
Brazil,BRA,2020,m,11,325,country_public
Brazil,BRA,2020,m,12,378,country_public
Brazil,BRA,2020,m,13,488,country_public
Brazil,BRA,2020,m,14,781,country_public
Brazil,BRA,2020,m,15,1217,country_public
Brazil,BRA,2020,m,16,1850,country_public
Brazil,BRA,2020,m,17,2686,country_public
Brazil,BRA,2020,m,18,3394,country_public
Brazil,BRA,2020,m,19,3954,country_public
Brazil,BRA,2020,m,20,4330,country_public
Brazil,BRA,2020,m,21,4296,country_public
Brazil,BRA,2020,m,22,4447,country_public
Brazil,BRA,2020,m,23,4301,country_public
Brazil,BRA,2020,m,24,4304,country_public
Brazil,BRA,2020,m,25,4225,country_public
Brazil,BRA,2020,m,26,4229,country_public
Brazil,BRA,2020,m,27,4006,country_public
Brazil,BRA,2020,m,28,3896,country_public
Brazil,BRA,2020,m,29,3757,country_public
Brazil,BRA,2020,m,30,4096,country_public
Brazil,BRA,2020,m,31,4258,country_public
Brazil,BRA,2020,m,32,4287,country_public
Brazil,BRA,2020,m,33,4485,country_public
Brazil,BRA,2020,m,34,4610,country_public
Brazil,BRA,2020,m,35,4718,country_public
Brazil,BRA,2020,m,36,4868,country_public
Brazil,BRA,2020,m,37,5143,country_public
Brazil,BRA,2020,m,38,5539,country_public
Brazil,BRA,2020,m,39,5632,country_public
Brazil,BRA,2020,m,40,5783,country_public
Brazil,BRA,2020,m,41,6013,country_public
Brazil,BRA,2020,m,42,6266,country_public
Brazil,BRA,2020,m,43,6364,country_public
Brazil,BRA,2020,m,44,6620,country_public
Brazil,BRA,2020,m,45,6833,country_public
Brazil,BRA,2020,m,46,7186,country_public
Brazil,BRA,2020,m,47,7612,country_public
Brazil,BRA,2020,m,48,7924,country_public
Brazil,BRA,2020,m,49,8088,country_public
Brazil,BRA,2020,m,50,8957,country_public
Brazil,BRA,2020,m,51,9500,country_public
Brazil,BRA,2020,m,52,10127,country_public
Brazil,BRA,2020,m,53,10549,country_public
Brazil,BRA,2020,m,54,11284,country_public
Brazil,BRA,2020,m,55,11954,country_public
Brazil,BRA,2020,m,56,12673,country_public
Brazil,BRA,2020,m,57,13220,country_public
Brazil,BRA,2020,m,58,13465,country_public
Brazil,BRA,2020,m,59,14035,country_public
Brazil,BRA,2020,m,60,14960,country_public
Brazil,BRA,2020,m,61,15450,country_public
Brazil,BRA,2020,m,62,16257,country_public
Brazil,BRA,2020,m,63,16401,country_public
Brazil,BRA,2020,m,64,17026,country_public
Brazil,BRA,2020,m,65,17441,country_public
Brazil,BRA,2020,m,66,18204,country_public
Brazil,BRA,2020,m,67,18351,country_public
Brazil,BRA,2020,m,68,18787,country_public
Brazil,BRA,2020,m,69,18498,country_public
Brazil,BRA,2020,m,70,19070,country_public
Brazil,BRA,2020,m,71,18743,country_public
Brazil,BRA,2020,m,72,19211,country_public
Brazil,BRA,2020,m,73,18874,country_public
Brazil,BRA,2020,m,74,18390,country_public
Brazil,BRA,2020,m,75,18305,country_public
Brazil,BRA,2020,m,76,18613,country_public
Brazil,BRA,2020,m,77,18538,country_public
Brazil,BRA,2020,m,78,17760,country_public
Brazil,BRA,2020,m,79,17553,country_public
Brazil,BRA,2020,m,80,19027,country_public
Brazil,BRA,2020,m,81,17668,country_public
Brazil,BRA,2020,m,82,16698,country_public
Brazil,BRA,2020,m,83,16320,country_public
Brazil,BRA,2020,m,84,16153,country_public
Brazil,BRA,2020,m,85,14633,country_public
Brazil,BRA,2020,m,86,13184,country_public
Brazil,BRA,2020,m,87,12431,country_public
Brazil,BRA,2020,m,88,11928,country_public
Brazil,BRA,2020,m,89,11034,country_public
Brazil,BRA,2020,m,90,10096,country_public
Brazil,BRA,2020,m,91,8440,country_public
Brazil,BRA,2020,m,92,7340,country_public
Brazil,BRA,2020,m,93,6234,country_public
Brazil,BRA,2020,m,94,5048,country_public
Brazil,BRA,2020,m,95,4115,country_public
Brazil,BRA,2020,m,96,3212,country_public
Brazil,BRA,2020,m,97,2504,country_public
Brazil,BRA,2020,m,98,1890,country_public
Brazil,BRA,2020,m,99,1346,country_public
Brazil,BRA,2020,m,100,3654,country_public
Brazil,BRA,2020,m,TOT,871773,country_public
Brazil,BRA,2020,t,0,31347,country_public
Brazil,BRA,2020,t,1,1940,country_public
Brazil,BRA,2020,t,2,1161,country_public
Brazil,BRA,2020,t,3,782,country_public
Brazil,BRA,2020,t,4,671,country_public
Brazil,BRA,2020,t,5,620,country_public
Brazil,BRA,2020,t,6,520,country_public
Brazil,BRA,2020,t,7,493,country_public
Brazil,BRA,2020,t,8,453,country_public
Brazil,BRA,2020,t,9,482,country_public
Brazil,BRA,2020,t,10,562,country_public
Brazil,BRA,2020,t,11,587,country_public
Brazil,BRA,2020,t,12,635,country_public
Brazil,BRA,2020,t,13,851,country_public
Brazil,BRA,2020,t,14,1228,country_public
Brazil,BRA,2020,t,15,1730,country_public
Brazil,BRA,2020,t,16,2440,country_public
Brazil,BRA,2020,t,17,3380,country_public
Brazil,BRA,2020,t,18,4164,country_public
Brazil,BRA,2020,t,19,4838,country_public
Brazil,BRA,2020,t,20,5280,country_public
Brazil,BRA,2020,t,21,5274,country_public
Brazil,BRA,2020,t,22,5440,country_public
Brazil,BRA,2020,t,23,5338,country_public
Brazil,BRA,2020,t,24,5376,country_public
Brazil,BRA,2020,t,25,5406,country_public
Brazil,BRA,2020,t,26,5343,country_public
Brazil,BRA,2020,t,27,5169,country_public
Brazil,BRA,2020,t,28,5079,country_public
Brazil,BRA,2020,t,29,5024,country_public
Brazil,BRA,2020,t,30,5457,country_public
Brazil,BRA,2020,t,31,5826,country_public
Brazil,BRA,2020,t,32,5880,country_public
Brazil,BRA,2020,t,33,6218,country_public
Brazil,BRA,2020,t,34,6512,country_public
Brazil,BRA,2020,t,35,6813,country_public
Brazil,BRA,2020,t,36,6973,country_public
Brazil,BRA,2020,t,37,7668,country_public
Brazil,BRA,2020,t,38,8207,country_public
Brazil,BRA,2020,t,39,8344,country_public
Brazil,BRA,2020,t,40,8787,country_public
Brazil,BRA,2020,t,41,9183,country_public
Brazil,BRA,2020,t,42,9573,country_public
Brazil,BRA,2020,t,43,9710,country_public
Brazil,BRA,2020,t,44,10199,country_public
Brazil,BRA,2020,t,45,10620,country_public
Brazil,BRA,2020,t,46,11152,country_public
Brazil,BRA,2020,t,47,11858,country_public
Brazil,BRA,2020,t,48,12339,country_public
Brazil,BRA,2020,t,49,12765,country_public
Brazil,BRA,2020,t,50,13953,country_public
Brazil,BRA,2020,t,51,14746,country_public
Brazil,BRA,2020,t,52,15938,country_public
Brazil,BRA,2020,t,53,16768,country_public
Brazil,BRA,2020,t,54,17709,country_public
Brazil,BRA,2020,t,55,18949,country_public
Brazil,BRA,2020,t,56,20208,country_public
Brazil,BRA,2020,t,57,21115,country_public
Brazil,BRA,2020,t,58,21607,country_public
Brazil,BRA,2020,t,59,22630,country_public
Brazil,BRA,2020,t,60,24420,country_public
Brazil,BRA,2020,t,61,25222,country_public
Brazil,BRA,2020,t,62,26694,country_public
Brazil,BRA,2020,t,63,27135,country_public
Brazil,BRA,2020,t,64,28359,country_public
Brazil,BRA,2020,t,65,28986,country_public
Brazil,BRA,2020,t,66,30381,country_public
Brazil,BRA,2020,t,67,30881,country_public
Brazil,BRA,2020,t,68,31661,country_public
Brazil,BRA,2020,t,69,31797,country_public
Brazil,BRA,2020,t,70,33057,country_public
Brazil,BRA,2020,t,71,32671,country_public
Brazil,BRA,2020,t,72,33856,country_public
Brazil,BRA,2020,t,73,33442,country_public
Brazil,BRA,2020,t,74,32808,country_public
Brazil,BRA,2020,t,75,33173,country_public
Brazil,BRA,2020,t,76,34114,country_public
Brazil,BRA,2020,t,77,34210,country_public
Brazil,BRA,2020,t,78,33154,country_public
Brazil,BRA,2020,t,79,33449,country_public
Brazil,BRA,2020,t,80,36621,country_public
Brazil,BRA,2020,t,81,34930,country_public
Brazil,BRA,2020,t,82,33947,country_public
Brazil,BRA,2020,t,83,33780,country_public
Brazil,BRA,2020,t,84,34748,country_public
Brazil,BRA,2020,t,85,31868,country_public
Brazil,BRA,2020,t,86,28971,country_public
Brazil,BRA,2020,t,87,27862,country_public
Brazil,BRA,2020,t,88,27514,country_public
Brazil,BRA,2020,t,89,26327,country_public
Brazil,BRA,2020,t,90,24874,country_public
Brazil,BRA,2020,t,91,21257,country_public
Brazil,BRA,2020,t,92,19141,country_public
Brazil,BRA,2020,t,93,16679,country_public
Brazil,BRA,2020,t,94,13883,country_public
Brazil,BRA,2020,t,95,11588,country_public
Brazil,BRA,2020,t,96,9002,country_public
Brazil,BRA,2020,t,97,7206,country_public
Brazil,BRA,2020,t,98,5393,country_public
Brazil,BRA,2020,t,99,4158,country_public
Brazil,BRA,2020,t,100,11756,country_public
Brazil,BRA,2020,t,TOT,1552740,country_public
