Country,Year,Sex,Age,Deaths,Code,Source
Mexico,2016,f,0,10742,MEX,mexico
Mexico,2016,f,1,1085,MEX,mexico
Mexico,2016,f,2,560,MEX,mexico
Mexico,2016,f,3,378,MEX,mexico
Mexico,2016,f,4,325,MEX,mexico
Mexico,2016,f,5,255,MEX,mexico
Mexico,2016,f,6,214,MEX,mexico
Mexico,2016,f,7,213,MEX,mexico
Mexico,2016,f,8,218,MEX,mexico
Mexico,2016,f,9,190,MEX,mexico
Mexico,2016,f,10,216,MEX,mexico
Mexico,2016,f,11,215,MEX,mexico
Mexico,2016,f,12,259,MEX,mexico
Mexico,2016,f,13,319,MEX,mexico
Mexico,2016,f,14,347,MEX,mexico
Mexico,2016,f,15,453,MEX,mexico
Mexico,2016,f,16,441,MEX,mexico
Mexico,2016,f,17,479,MEX,mexico
Mexico,2016,f,18,533,MEX,mexico
Mexico,2016,f,19,527,MEX,mexico
Mexico,2016,f,20,608,MEX,mexico
Mexico,2016,f,21,595,MEX,mexico
Mexico,2016,f,22,651,MEX,mexico
Mexico,2016,f,23,643,MEX,mexico
Mexico,2016,f,24,629,MEX,mexico
Mexico,2016,f,25,668,MEX,mexico
Mexico,2016,f,26,688,MEX,mexico
Mexico,2016,f,27,700,MEX,mexico
Mexico,2016,f,28,685,MEX,mexico
Mexico,2016,f,29,719,MEX,mexico
Mexico,2016,f,30,738,MEX,mexico
Mexico,2016,f,31,695,MEX,mexico
Mexico,2016,f,32,792,MEX,mexico
Mexico,2016,f,33,826,MEX,mexico
Mexico,2016,f,34,860,MEX,mexico
Mexico,2016,f,35,955,MEX,mexico
Mexico,2016,f,36,976,MEX,mexico
Mexico,2016,f,37,1017,MEX,mexico
Mexico,2016,f,38,1097,MEX,mexico
Mexico,2016,f,39,1225,MEX,mexico
Mexico,2016,f,40,1239,MEX,mexico
Mexico,2016,f,41,1382,MEX,mexico
Mexico,2016,f,42,1519,MEX,mexico
Mexico,2016,f,43,1646,MEX,mexico
Mexico,2016,f,44,1673,MEX,mexico
Mexico,2016,f,45,1699,MEX,mexico
Mexico,2016,f,46,1834,MEX,mexico
Mexico,2016,f,47,2009,MEX,mexico
Mexico,2016,f,48,2188,MEX,mexico
Mexico,2016,f,49,2251,MEX,mexico
Mexico,2016,f,50,2476,MEX,mexico
Mexico,2016,f,51,2637,MEX,mexico
Mexico,2016,f,52,2801,MEX,mexico
Mexico,2016,f,53,2940,MEX,mexico
Mexico,2016,f,54,3272,MEX,mexico
Mexico,2016,f,55,3443,MEX,mexico
Mexico,2016,f,56,3650,MEX,mexico
Mexico,2016,f,57,3719,MEX,mexico
Mexico,2016,f,58,3790,MEX,mexico
Mexico,2016,f,59,3992,MEX,mexico
Mexico,2016,f,60,4294,MEX,mexico
Mexico,2016,f,61,4505,MEX,mexico
Mexico,2016,f,62,4529,MEX,mexico
Mexico,2016,f,63,4705,MEX,mexico
Mexico,2016,f,64,4655,MEX,mexico
Mexico,2016,f,65,5001,MEX,mexico
Mexico,2016,f,66,5128,MEX,mexico
Mexico,2016,f,67,4985,MEX,mexico
Mexico,2016,f,68,5365,MEX,mexico
Mexico,2016,f,69,5252,MEX,mexico
Mexico,2016,f,70,5732,MEX,mexico
Mexico,2016,f,71,5730,MEX,mexico
Mexico,2016,f,72,5809,MEX,mexico
Mexico,2016,f,73,6082,MEX,mexico
Mexico,2016,f,74,5920,MEX,mexico
Mexico,2016,f,75,6521,MEX,mexico
Mexico,2016,f,76,6552,MEX,mexico
Mexico,2016,f,77,6629,MEX,mexico
Mexico,2016,f,78,6648,MEX,mexico
Mexico,2016,f,79,6855,MEX,mexico
Mexico,2016,f,80,7644,MEX,mexico
Mexico,2016,f,81,7468,MEX,mexico
Mexico,2016,f,82,7197,MEX,mexico
Mexico,2016,f,83,7165,MEX,mexico
Mexico,2016,f,84,6976,MEX,mexico
Mexico,2016,f,85,7885,MEX,mexico
Mexico,2016,f,86,7948,MEX,mexico
Mexico,2016,f,87,6588,MEX,mexico
Mexico,2016,f,88,6013,MEX,mexico
Mexico,2016,f,89,5882,MEX,mexico
Mexico,2016,f,90,6011,MEX,mexico
Mexico,2016,f,91,5374,MEX,mexico
Mexico,2016,f,92,4620,MEX,mexico
Mexico,2016,f,93,4242,MEX,mexico
Mexico,2016,f,94,3510,MEX,mexico
Mexico,2016,f,95,3265,MEX,mexico
Mexico,2016,f,96,2591,MEX,mexico
Mexico,2016,f,97,1692,MEX,mexico
Mexico,2016,f,98,1444,MEX,mexico
Mexico,2016,f,99,905,MEX,mexico
Mexico,2016,f,100,2806,MEX,mexico
Mexico,2016,f,TOT,302337,MEX,mexico
Mexico,2016,m,0,13812,MEX,mexico
Mexico,2016,m,1,1262,MEX,mexico
Mexico,2016,m,2,630,MEX,mexico
Mexico,2016,m,3,460,MEX,mexico
Mexico,2016,m,4,365,MEX,mexico
Mexico,2016,m,5,316,MEX,mexico
Mexico,2016,m,6,301,MEX,mexico
Mexico,2016,m,7,247,MEX,mexico
Mexico,2016,m,8,257,MEX,mexico
Mexico,2016,m,9,288,MEX,mexico
Mexico,2016,m,10,281,MEX,mexico
Mexico,2016,m,11,277,MEX,mexico
Mexico,2016,m,12,352,MEX,mexico
Mexico,2016,m,13,404,MEX,mexico
Mexico,2016,m,14,583,MEX,mexico
Mexico,2016,m,15,722,MEX,mexico
Mexico,2016,m,16,972,MEX,mexico
Mexico,2016,m,17,1203,MEX,mexico
Mexico,2016,m,18,1457,MEX,mexico
Mexico,2016,m,19,1721,MEX,mexico
Mexico,2016,m,20,1896,MEX,mexico
Mexico,2016,m,21,2032,MEX,mexico
Mexico,2016,m,22,2172,MEX,mexico
Mexico,2016,m,23,2143,MEX,mexico
Mexico,2016,m,24,2154,MEX,mexico
Mexico,2016,m,25,2243,MEX,mexico
Mexico,2016,m,26,2106,MEX,mexico
Mexico,2016,m,27,2206,MEX,mexico
Mexico,2016,m,28,2124,MEX,mexico
Mexico,2016,m,29,2278,MEX,mexico
Mexico,2016,m,30,2442,MEX,mexico
Mexico,2016,m,31,2233,MEX,mexico
Mexico,2016,m,32,2280,MEX,mexico
Mexico,2016,m,33,2325,MEX,mexico
Mexico,2016,m,34,2305,MEX,mexico
Mexico,2016,m,35,2801,MEX,mexico
Mexico,2016,m,36,2472,MEX,mexico
Mexico,2016,m,37,2600,MEX,mexico
Mexico,2016,m,38,2717,MEX,mexico
Mexico,2016,m,39,2817,MEX,mexico
Mexico,2016,m,40,3188,MEX,mexico
Mexico,2016,m,41,3082,MEX,mexico
Mexico,2016,m,42,3274,MEX,mexico
Mexico,2016,m,43,3364,MEX,mexico
Mexico,2016,m,44,3481,MEX,mexico
Mexico,2016,m,45,3538,MEX,mexico
Mexico,2016,m,46,3593,MEX,mexico
Mexico,2016,m,47,3585,MEX,mexico
Mexico,2016,m,48,3765,MEX,mexico
Mexico,2016,m,49,3847,MEX,mexico
Mexico,2016,m,50,4296,MEX,mexico
Mexico,2016,m,51,4260,MEX,mexico
Mexico,2016,m,52,4479,MEX,mexico
Mexico,2016,m,53,4698,MEX,mexico
Mexico,2016,m,54,4804,MEX,mexico
Mexico,2016,m,55,5132,MEX,mexico
Mexico,2016,m,56,5320,MEX,mexico
Mexico,2016,m,57,5381,MEX,mexico
Mexico,2016,m,58,5492,MEX,mexico
Mexico,2016,m,59,5568,MEX,mexico
Mexico,2016,m,60,5989,MEX,mexico
Mexico,2016,m,61,5981,MEX,mexico
Mexico,2016,m,62,6071,MEX,mexico
Mexico,2016,m,63,6028,MEX,mexico
Mexico,2016,m,64,5998,MEX,mexico
Mexico,2016,m,65,6212,MEX,mexico
Mexico,2016,m,66,6289,MEX,mexico
Mexico,2016,m,67,6319,MEX,mexico
Mexico,2016,m,68,6677,MEX,mexico
Mexico,2016,m,69,6808,MEX,mexico
Mexico,2016,m,70,6855,MEX,mexico
Mexico,2016,m,71,6791,MEX,mexico
Mexico,2016,m,72,6824,MEX,mexico
Mexico,2016,m,73,7008,MEX,mexico
Mexico,2016,m,74,6861,MEX,mexico
Mexico,2016,m,75,7315,MEX,mexico
Mexico,2016,m,76,7169,MEX,mexico
Mexico,2016,m,77,7195,MEX,mexico
Mexico,2016,m,78,7097,MEX,mexico
Mexico,2016,m,79,7462,MEX,mexico
Mexico,2016,m,80,7637,MEX,mexico
Mexico,2016,m,81,7352,MEX,mexico
Mexico,2016,m,82,7236,MEX,mexico
Mexico,2016,m,83,6896,MEX,mexico
Mexico,2016,m,84,6555,MEX,mexico
Mexico,2016,m,85,6849,MEX,mexico
Mexico,2016,m,86,6745,MEX,mexico
Mexico,2016,m,87,5501,MEX,mexico
Mexico,2016,m,88,5142,MEX,mexico
Mexico,2016,m,89,4732,MEX,mexico
Mexico,2016,m,90,4495,MEX,mexico
Mexico,2016,m,91,4002,MEX,mexico
Mexico,2016,m,92,3538,MEX,mexico
Mexico,2016,m,93,3270,MEX,mexico
Mexico,2016,m,94,2421,MEX,mexico
Mexico,2016,m,95,2103,MEX,mexico
Mexico,2016,m,96,1695,MEX,mexico
Mexico,2016,m,97,1048,MEX,mexico
Mexico,2016,m,98,854,MEX,mexico
Mexico,2016,m,99,499,MEX,mexico
Mexico,2016,m,100,1547,MEX,mexico
Mexico,2016,m,TOT,382198,MEX,mexico
Mexico,2016,t,0,24700,MEX,mexico
Mexico,2016,t,1,2350,MEX,mexico
Mexico,2016,t,2,1190,MEX,mexico
Mexico,2016,t,3,838,MEX,mexico
Mexico,2016,t,4,690,MEX,mexico
Mexico,2016,t,5,571,MEX,mexico
Mexico,2016,t,6,515,MEX,mexico
Mexico,2016,t,7,460,MEX,mexico
Mexico,2016,t,8,475,MEX,mexico
Mexico,2016,t,9,478,MEX,mexico
Mexico,2016,t,10,497,MEX,mexico
Mexico,2016,t,11,492,MEX,mexico
Mexico,2016,t,12,611,MEX,mexico
Mexico,2016,t,13,723,MEX,mexico
Mexico,2016,t,14,930,MEX,mexico
Mexico,2016,t,15,1175,MEX,mexico
Mexico,2016,t,16,1413,MEX,mexico
Mexico,2016,t,17,1682,MEX,mexico
Mexico,2016,t,18,1990,MEX,mexico
Mexico,2016,t,19,2248,MEX,mexico
Mexico,2016,t,20,2507,MEX,mexico
Mexico,2016,t,21,2627,MEX,mexico
Mexico,2016,t,22,2823,MEX,mexico
Mexico,2016,t,23,2787,MEX,mexico
Mexico,2016,t,24,2783,MEX,mexico
Mexico,2016,t,25,2911,MEX,mexico
Mexico,2016,t,26,2796,MEX,mexico
Mexico,2016,t,27,2906,MEX,mexico
Mexico,2016,t,28,2809,MEX,mexico
Mexico,2016,t,29,2997,MEX,mexico
Mexico,2016,t,30,3180,MEX,mexico
Mexico,2016,t,31,2928,MEX,mexico
Mexico,2016,t,32,3072,MEX,mexico
Mexico,2016,t,33,3151,MEX,mexico
Mexico,2016,t,34,3165,MEX,mexico
Mexico,2016,t,35,3760,MEX,mexico
Mexico,2016,t,36,3448,MEX,mexico
Mexico,2016,t,37,3617,MEX,mexico
Mexico,2016,t,38,3814,MEX,mexico
Mexico,2016,t,39,4042,MEX,mexico
Mexico,2016,t,40,4431,MEX,mexico
Mexico,2016,t,41,4464,MEX,mexico
Mexico,2016,t,42,4793,MEX,mexico
Mexico,2016,t,43,5010,MEX,mexico
Mexico,2016,t,44,5154,MEX,mexico
Mexico,2016,t,45,5238,MEX,mexico
Mexico,2016,t,46,5427,MEX,mexico
Mexico,2016,t,47,5595,MEX,mexico
Mexico,2016,t,48,5953,MEX,mexico
Mexico,2016,t,49,6098,MEX,mexico
Mexico,2016,t,50,6773,MEX,mexico
Mexico,2016,t,51,6897,MEX,mexico
Mexico,2016,t,52,7280,MEX,mexico
Mexico,2016,t,53,7639,MEX,mexico
Mexico,2016,t,54,8076,MEX,mexico
Mexico,2016,t,55,8577,MEX,mexico
Mexico,2016,t,56,8970,MEX,mexico
Mexico,2016,t,57,9100,MEX,mexico
Mexico,2016,t,58,9282,MEX,mexico
Mexico,2016,t,59,9560,MEX,mexico
Mexico,2016,t,60,10283,MEX,mexico
Mexico,2016,t,61,10486,MEX,mexico
Mexico,2016,t,62,10600,MEX,mexico
Mexico,2016,t,63,10733,MEX,mexico
Mexico,2016,t,64,10653,MEX,mexico
Mexico,2016,t,65,11213,MEX,mexico
Mexico,2016,t,66,11417,MEX,mexico
Mexico,2016,t,67,11304,MEX,mexico
Mexico,2016,t,68,12042,MEX,mexico
Mexico,2016,t,69,12060,MEX,mexico
Mexico,2016,t,70,12587,MEX,mexico
Mexico,2016,t,71,12522,MEX,mexico
Mexico,2016,t,72,12634,MEX,mexico
Mexico,2016,t,73,13090,MEX,mexico
Mexico,2016,t,74,12781,MEX,mexico
Mexico,2016,t,75,13836,MEX,mexico
Mexico,2016,t,76,13721,MEX,mexico
Mexico,2016,t,77,13824,MEX,mexico
Mexico,2016,t,78,13745,MEX,mexico
Mexico,2016,t,79,14317,MEX,mexico
Mexico,2016,t,80,15282,MEX,mexico
Mexico,2016,t,81,14820,MEX,mexico
Mexico,2016,t,82,14433,MEX,mexico
Mexico,2016,t,83,14061,MEX,mexico
Mexico,2016,t,84,13531,MEX,mexico
Mexico,2016,t,85,14734,MEX,mexico
Mexico,2016,t,86,14693,MEX,mexico
Mexico,2016,t,87,12089,MEX,mexico
Mexico,2016,t,88,11155,MEX,mexico
Mexico,2016,t,89,10614,MEX,mexico
Mexico,2016,t,90,10506,MEX,mexico
Mexico,2016,t,91,9376,MEX,mexico
Mexico,2016,t,92,8158,MEX,mexico
Mexico,2016,t,93,7512,MEX,mexico
Mexico,2016,t,94,5932,MEX,mexico
Mexico,2016,t,95,5368,MEX,mexico
Mexico,2016,t,96,4286,MEX,mexico
Mexico,2016,t,97,2740,MEX,mexico
Mexico,2016,t,98,2298,MEX,mexico
Mexico,2016,t,99,1406,MEX,mexico
Mexico,2016,t,100,4353,MEX,mexico
Mexico,2016,t,TOT,684923,MEX,mexico
Mexico,2017,f,0,11158,MEX,mexico
Mexico,2017,f,1,990,MEX,mexico
Mexico,2017,f,2,585,MEX,mexico
Mexico,2017,f,3,404,MEX,mexico
Mexico,2017,f,4,286,MEX,mexico
Mexico,2017,f,5,263,MEX,mexico
Mexico,2017,f,6,256,MEX,mexico
Mexico,2017,f,7,229,MEX,mexico
Mexico,2017,f,8,195,MEX,mexico
Mexico,2017,f,9,236,MEX,mexico
Mexico,2017,f,10,224,MEX,mexico
Mexico,2017,f,11,259,MEX,mexico
Mexico,2017,f,12,265,MEX,mexico
Mexico,2017,f,13,340,MEX,mexico
Mexico,2017,f,14,379,MEX,mexico
Mexico,2017,f,15,460,MEX,mexico
Mexico,2017,f,16,447,MEX,mexico
Mexico,2017,f,17,513,MEX,mexico
Mexico,2017,f,18,525,MEX,mexico
Mexico,2017,f,19,547,MEX,mexico
Mexico,2017,f,20,614,MEX,mexico
Mexico,2017,f,21,620,MEX,mexico
Mexico,2017,f,22,629,MEX,mexico
Mexico,2017,f,23,673,MEX,mexico
Mexico,2017,f,24,682,MEX,mexico
Mexico,2017,f,25,702,MEX,mexico
Mexico,2017,f,26,715,MEX,mexico
Mexico,2017,f,27,776,MEX,mexico
Mexico,2017,f,28,654,MEX,mexico
Mexico,2017,f,29,740,MEX,mexico
Mexico,2017,f,30,783,MEX,mexico
Mexico,2017,f,31,766,MEX,mexico
Mexico,2017,f,32,790,MEX,mexico
Mexico,2017,f,33,796,MEX,mexico
Mexico,2017,f,34,862,MEX,mexico
Mexico,2017,f,35,977,MEX,mexico
Mexico,2017,f,36,959,MEX,mexico
Mexico,2017,f,37,1080,MEX,mexico
Mexico,2017,f,38,1102,MEX,mexico
Mexico,2017,f,39,1191,MEX,mexico
Mexico,2017,f,40,1276,MEX,mexico
Mexico,2017,f,41,1389,MEX,mexico
Mexico,2017,f,42,1555,MEX,mexico
Mexico,2017,f,43,1618,MEX,mexico
Mexico,2017,f,44,1757,MEX,mexico
Mexico,2017,f,45,1961,MEX,mexico
Mexico,2017,f,46,1963,MEX,mexico
Mexico,2017,f,47,2004,MEX,mexico
Mexico,2017,f,48,2221,MEX,mexico
Mexico,2017,f,49,2291,MEX,mexico
Mexico,2017,f,50,2478,MEX,mexico
Mexico,2017,f,51,2716,MEX,mexico
Mexico,2017,f,52,2831,MEX,mexico
Mexico,2017,f,53,3026,MEX,mexico
Mexico,2017,f,54,3237,MEX,mexico
Mexico,2017,f,55,3412,MEX,mexico
Mexico,2017,f,56,3613,MEX,mexico
Mexico,2017,f,57,3888,MEX,mexico
Mexico,2017,f,58,3914,MEX,mexico
Mexico,2017,f,59,4067,MEX,mexico
Mexico,2017,f,60,4269,MEX,mexico
Mexico,2017,f,61,4521,MEX,mexico
Mexico,2017,f,62,4790,MEX,mexico
Mexico,2017,f,63,4891,MEX,mexico
Mexico,2017,f,64,4801,MEX,mexico
Mexico,2017,f,65,4889,MEX,mexico
Mexico,2017,f,66,5169,MEX,mexico
Mexico,2017,f,67,5239,MEX,mexico
Mexico,2017,f,68,5228,MEX,mexico
Mexico,2017,f,69,5552,MEX,mexico
Mexico,2017,f,70,5729,MEX,mexico
Mexico,2017,f,71,5791,MEX,mexico
Mexico,2017,f,72,5897,MEX,mexico
Mexico,2017,f,73,5965,MEX,mexico
Mexico,2017,f,74,6079,MEX,mexico
Mexico,2017,f,75,6265,MEX,mexico
Mexico,2017,f,76,6854,MEX,mexico
Mexico,2017,f,77,6742,MEX,mexico
Mexico,2017,f,78,6897,MEX,mexico
Mexico,2017,f,79,6847,MEX,mexico
Mexico,2017,f,80,7248,MEX,mexico
Mexico,2017,f,81,7734,MEX,mexico
Mexico,2017,f,82,7674,MEX,mexico
Mexico,2017,f,83,7381,MEX,mexico
Mexico,2017,f,84,7320,MEX,mexico
Mexico,2017,f,85,7062,MEX,mexico
Mexico,2017,f,86,7664,MEX,mexico
Mexico,2017,f,87,7738,MEX,mexico
Mexico,2017,f,88,6427,MEX,mexico
Mexico,2017,f,89,6109,MEX,mexico
Mexico,2017,f,90,5502,MEX,mexico
Mexico,2017,f,91,5584,MEX,mexico
Mexico,2017,f,92,5013,MEX,mexico
Mexico,2017,f,93,4188,MEX,mexico
Mexico,2017,f,94,3791,MEX,mexico
Mexico,2017,f,95,3040,MEX,mexico
Mexico,2017,f,96,2810,MEX,mexico
Mexico,2017,f,97,2201,MEX,mexico
Mexico,2017,f,98,1375,MEX,mexico
Mexico,2017,f,99,1117,MEX,mexico
Mexico,2017,f,100,2821,MEX,mexico
Mexico,2017,f,TOT,308425,MEX,mexico
Mexico,2017,m,0,14184,MEX,mexico
Mexico,2017,m,1,1137,MEX,mexico
Mexico,2017,m,2,677,MEX,mexico
Mexico,2017,m,3,441,MEX,mexico
Mexico,2017,m,4,383,MEX,mexico
Mexico,2017,m,5,319,MEX,mexico
Mexico,2017,m,6,272,MEX,mexico
Mexico,2017,m,7,275,MEX,mexico
Mexico,2017,m,8,258,MEX,mexico
Mexico,2017,m,9,268,MEX,mexico
Mexico,2017,m,10,319,MEX,mexico
Mexico,2017,m,11,290,MEX,mexico
Mexico,2017,m,12,285,MEX,mexico
Mexico,2017,m,13,423,MEX,mexico
Mexico,2017,m,14,597,MEX,mexico
Mexico,2017,m,15,772,MEX,mexico
Mexico,2017,m,16,1097,MEX,mexico
Mexico,2017,m,17,1372,MEX,mexico
Mexico,2017,m,18,1679,MEX,mexico
Mexico,2017,m,19,1863,MEX,mexico
Mexico,2017,m,20,2046,MEX,mexico
Mexico,2017,m,21,2063,MEX,mexico
Mexico,2017,m,22,2347,MEX,mexico
Mexico,2017,m,23,2413,MEX,mexico
Mexico,2017,m,24,2446,MEX,mexico
Mexico,2017,m,25,2685,MEX,mexico
Mexico,2017,m,26,2467,MEX,mexico
Mexico,2017,m,27,2507,MEX,mexico
Mexico,2017,m,28,2383,MEX,mexico
Mexico,2017,m,29,2481,MEX,mexico
Mexico,2017,m,30,2789,MEX,mexico
Mexico,2017,m,31,2560,MEX,mexico
Mexico,2017,m,32,2521,MEX,mexico
Mexico,2017,m,33,2584,MEX,mexico
Mexico,2017,m,34,2592,MEX,mexico
Mexico,2017,m,35,2980,MEX,mexico
Mexico,2017,m,36,2703,MEX,mexico
Mexico,2017,m,37,2808,MEX,mexico
Mexico,2017,m,38,2774,MEX,mexico
Mexico,2017,m,39,3007,MEX,mexico
Mexico,2017,m,40,3466,MEX,mexico
Mexico,2017,m,41,3162,MEX,mexico
Mexico,2017,m,42,3339,MEX,mexico
Mexico,2017,m,43,3511,MEX,mexico
Mexico,2017,m,44,3651,MEX,mexico
Mexico,2017,m,45,3900,MEX,mexico
Mexico,2017,m,46,3725,MEX,mexico
Mexico,2017,m,47,3803,MEX,mexico
Mexico,2017,m,48,3969,MEX,mexico
Mexico,2017,m,49,4086,MEX,mexico
Mexico,2017,m,50,4409,MEX,mexico
Mexico,2017,m,51,4307,MEX,mexico
Mexico,2017,m,52,4532,MEX,mexico
Mexico,2017,m,53,4893,MEX,mexico
Mexico,2017,m,54,4980,MEX,mexico
Mexico,2017,m,55,5368,MEX,mexico
Mexico,2017,m,56,5272,MEX,mexico
Mexico,2017,m,57,5606,MEX,mexico
Mexico,2017,m,58,5510,MEX,mexico
Mexico,2017,m,59,5711,MEX,mexico
Mexico,2017,m,60,6056,MEX,mexico
Mexico,2017,m,61,6065,MEX,mexico
Mexico,2017,m,62,6228,MEX,mexico
Mexico,2017,m,63,6096,MEX,mexico
Mexico,2017,m,64,6322,MEX,mexico
Mexico,2017,m,65,6215,MEX,mexico
Mexico,2017,m,66,6425,MEX,mexico
Mexico,2017,m,67,6688,MEX,mexico
Mexico,2017,m,68,6456,MEX,mexico
Mexico,2017,m,69,6927,MEX,mexico
Mexico,2017,m,70,6943,MEX,mexico
Mexico,2017,m,71,6949,MEX,mexico
Mexico,2017,m,72,7039,MEX,mexico
Mexico,2017,m,73,7023,MEX,mexico
Mexico,2017,m,74,7090,MEX,mexico
Mexico,2017,m,75,7089,MEX,mexico
Mexico,2017,m,76,7548,MEX,mexico
Mexico,2017,m,77,7426,MEX,mexico
Mexico,2017,m,78,7327,MEX,mexico
Mexico,2017,m,79,7350,MEX,mexico
Mexico,2017,m,80,7448,MEX,mexico
Mexico,2017,m,81,7683,MEX,mexico
Mexico,2017,m,82,7348,MEX,mexico
Mexico,2017,m,83,6952,MEX,mexico
Mexico,2017,m,84,6736,MEX,mexico
Mexico,2017,m,85,6451,MEX,mexico
Mexico,2017,m,86,6529,MEX,mexico
Mexico,2017,m,87,6374,MEX,mexico
Mexico,2017,m,88,5322,MEX,mexico
Mexico,2017,m,89,4669,MEX,mexico
Mexico,2017,m,90,4289,MEX,mexico
Mexico,2017,m,91,4061,MEX,mexico
Mexico,2017,m,92,3523,MEX,mexico
Mexico,2017,m,93,3110,MEX,mexico
Mexico,2017,m,94,2706,MEX,mexico
Mexico,2017,m,95,2087,MEX,mexico
Mexico,2017,m,96,1714,MEX,mexico
Mexico,2017,m,97,1375,MEX,mexico
Mexico,2017,m,98,803,MEX,mexico
Mexico,2017,m,99,696,MEX,mexico
Mexico,2017,m,100,1497,MEX,mexico
Mexico,2017,m,TOT,395030,MEX,mexico
Mexico,2017,t,0,25436,MEX,mexico
Mexico,2017,t,1,2128,MEX,mexico
Mexico,2017,t,2,1262,MEX,mexico
Mexico,2017,t,3,846,MEX,mexico
Mexico,2017,t,4,669,MEX,mexico
Mexico,2017,t,5,582,MEX,mexico
Mexico,2017,t,6,528,MEX,mexico
Mexico,2017,t,7,504,MEX,mexico
Mexico,2017,t,8,453,MEX,mexico
Mexico,2017,t,9,504,MEX,mexico
Mexico,2017,t,10,543,MEX,mexico
Mexico,2017,t,11,549,MEX,mexico
Mexico,2017,t,12,550,MEX,mexico
Mexico,2017,t,13,763,MEX,mexico
Mexico,2017,t,14,976,MEX,mexico
Mexico,2017,t,15,1232,MEX,mexico
Mexico,2017,t,16,1544,MEX,mexico
Mexico,2017,t,17,1885,MEX,mexico
Mexico,2017,t,18,2204,MEX,mexico
Mexico,2017,t,19,2410,MEX,mexico
Mexico,2017,t,20,2661,MEX,mexico
Mexico,2017,t,21,2683,MEX,mexico
Mexico,2017,t,22,2976,MEX,mexico
Mexico,2017,t,23,3087,MEX,mexico
Mexico,2017,t,24,3128,MEX,mexico
Mexico,2017,t,25,3388,MEX,mexico
Mexico,2017,t,26,3182,MEX,mexico
Mexico,2017,t,27,3283,MEX,mexico
Mexico,2017,t,28,3037,MEX,mexico
Mexico,2017,t,29,3221,MEX,mexico
Mexico,2017,t,30,3574,MEX,mexico
Mexico,2017,t,31,3326,MEX,mexico
Mexico,2017,t,32,3311,MEX,mexico
Mexico,2017,t,33,3381,MEX,mexico
Mexico,2017,t,34,3454,MEX,mexico
Mexico,2017,t,35,3962,MEX,mexico
Mexico,2017,t,36,3663,MEX,mexico
Mexico,2017,t,37,3888,MEX,mexico
Mexico,2017,t,38,3877,MEX,mexico
Mexico,2017,t,39,4198,MEX,mexico
Mexico,2017,t,40,4748,MEX,mexico
Mexico,2017,t,41,4551,MEX,mexico
Mexico,2017,t,42,4894,MEX,mexico
Mexico,2017,t,43,5129,MEX,mexico
Mexico,2017,t,44,5409,MEX,mexico
Mexico,2017,t,45,5862,MEX,mexico
Mexico,2017,t,46,5688,MEX,mexico
Mexico,2017,t,47,5807,MEX,mexico
Mexico,2017,t,48,6190,MEX,mexico
Mexico,2017,t,49,6377,MEX,mexico
Mexico,2017,t,50,6888,MEX,mexico
Mexico,2017,t,51,7023,MEX,mexico
Mexico,2017,t,52,7363,MEX,mexico
Mexico,2017,t,53,7919,MEX,mexico
Mexico,2017,t,54,8217,MEX,mexico
Mexico,2017,t,55,8781,MEX,mexico
Mexico,2017,t,56,8885,MEX,mexico
Mexico,2017,t,57,9494,MEX,mexico
Mexico,2017,t,58,9424,MEX,mexico
Mexico,2017,t,59,9778,MEX,mexico
Mexico,2017,t,60,10328,MEX,mexico
Mexico,2017,t,61,10587,MEX,mexico
Mexico,2017,t,62,11018,MEX,mexico
Mexico,2017,t,63,10989,MEX,mexico
Mexico,2017,t,64,11123,MEX,mexico
Mexico,2017,t,65,11106,MEX,mexico
Mexico,2017,t,66,11594,MEX,mexico
Mexico,2017,t,67,11927,MEX,mexico
Mexico,2017,t,68,11684,MEX,mexico
Mexico,2017,t,69,12480,MEX,mexico
Mexico,2017,t,70,12674,MEX,mexico
Mexico,2017,t,71,12740,MEX,mexico
Mexico,2017,t,72,12936,MEX,mexico
Mexico,2017,t,73,12988,MEX,mexico
Mexico,2017,t,74,13170,MEX,mexico
Mexico,2017,t,75,13354,MEX,mexico
Mexico,2017,t,76,14402,MEX,mexico
Mexico,2017,t,77,14168,MEX,mexico
Mexico,2017,t,78,14224,MEX,mexico
Mexico,2017,t,79,14197,MEX,mexico
Mexico,2017,t,80,14697,MEX,mexico
Mexico,2017,t,81,15417,MEX,mexico
Mexico,2017,t,82,15022,MEX,mexico
Mexico,2017,t,83,14333,MEX,mexico
Mexico,2017,t,84,14056,MEX,mexico
Mexico,2017,t,85,13513,MEX,mexico
Mexico,2017,t,86,14193,MEX,mexico
Mexico,2017,t,87,14112,MEX,mexico
Mexico,2017,t,88,11749,MEX,mexico
Mexico,2017,t,89,10778,MEX,mexico
Mexico,2017,t,90,9791,MEX,mexico
Mexico,2017,t,91,9645,MEX,mexico
Mexico,2017,t,92,8536,MEX,mexico
Mexico,2017,t,93,7298,MEX,mexico
Mexico,2017,t,94,6497,MEX,mexico
Mexico,2017,t,95,5127,MEX,mexico
Mexico,2017,t,96,4525,MEX,mexico
Mexico,2017,t,97,3576,MEX,mexico
Mexico,2017,t,98,2179,MEX,mexico
Mexico,2017,t,99,1813,MEX,mexico
Mexico,2017,t,100,4318,MEX,mexico
Mexico,2017,t,TOT,703876,MEX,mexico
Mexico,2018,f,0,10379,MEX,mexico
Mexico,2018,f,1,933,MEX,mexico
Mexico,2018,f,2,519,MEX,mexico
Mexico,2018,f,3,370,MEX,mexico
Mexico,2018,f,4,315,MEX,mexico
Mexico,2018,f,5,269,MEX,mexico
Mexico,2018,f,6,221,MEX,mexico
Mexico,2018,f,7,229,MEX,mexico
Mexico,2018,f,8,202,MEX,mexico
Mexico,2018,f,9,217,MEX,mexico
Mexico,2018,f,10,234,MEX,mexico
Mexico,2018,f,11,239,MEX,mexico
Mexico,2018,f,12,258,MEX,mexico
Mexico,2018,f,13,289,MEX,mexico
Mexico,2018,f,14,306,MEX,mexico
Mexico,2018,f,15,402,MEX,mexico
Mexico,2018,f,16,474,MEX,mexico
Mexico,2018,f,17,494,MEX,mexico
Mexico,2018,f,18,577,MEX,mexico
Mexico,2018,f,19,511,MEX,mexico
Mexico,2018,f,20,584,MEX,mexico
Mexico,2018,f,21,550,MEX,mexico
Mexico,2018,f,22,660,MEX,mexico
Mexico,2018,f,23,674,MEX,mexico
Mexico,2018,f,24,704,MEX,mexico
Mexico,2018,f,25,751,MEX,mexico
Mexico,2018,f,26,778,MEX,mexico
Mexico,2018,f,27,798,MEX,mexico
Mexico,2018,f,28,696,MEX,mexico
Mexico,2018,f,29,703,MEX,mexico
Mexico,2018,f,30,797,MEX,mexico
Mexico,2018,f,31,754,MEX,mexico
Mexico,2018,f,32,887,MEX,mexico
Mexico,2018,f,33,871,MEX,mexico
Mexico,2018,f,34,932,MEX,mexico
Mexico,2018,f,35,1014,MEX,mexico
Mexico,2018,f,36,1017,MEX,mexico
Mexico,2018,f,37,1058,MEX,mexico
Mexico,2018,f,38,1092,MEX,mexico
Mexico,2018,f,39,1251,MEX,mexico
Mexico,2018,f,40,1293,MEX,mexico
Mexico,2018,f,41,1446,MEX,mexico
Mexico,2018,f,42,1555,MEX,mexico
Mexico,2018,f,43,1639,MEX,mexico
Mexico,2018,f,44,1736,MEX,mexico
Mexico,2018,f,45,1969,MEX,mexico
Mexico,2018,f,46,1963,MEX,mexico
Mexico,2018,f,47,2113,MEX,mexico
Mexico,2018,f,48,2272,MEX,mexico
Mexico,2018,f,49,2353,MEX,mexico
Mexico,2018,f,50,2558,MEX,mexico
Mexico,2018,f,51,2701,MEX,mexico
Mexico,2018,f,52,2923,MEX,mexico
Mexico,2018,f,53,3125,MEX,mexico
Mexico,2018,f,54,3333,MEX,mexico
Mexico,2018,f,55,3442,MEX,mexico
Mexico,2018,f,56,3697,MEX,mexico
Mexico,2018,f,57,3847,MEX,mexico
Mexico,2018,f,58,4192,MEX,mexico
Mexico,2018,f,59,4335,MEX,mexico
Mexico,2018,f,60,4414,MEX,mexico
Mexico,2018,f,61,4644,MEX,mexico
Mexico,2018,f,62,4978,MEX,mexico
Mexico,2018,f,63,5029,MEX,mexico
Mexico,2018,f,64,4996,MEX,mexico
Mexico,2018,f,65,5134,MEX,mexico
Mexico,2018,f,66,5129,MEX,mexico
Mexico,2018,f,67,5496,MEX,mexico
Mexico,2018,f,68,5535,MEX,mexico
Mexico,2018,f,69,5438,MEX,mexico
Mexico,2018,f,70,5619,MEX,mexico
Mexico,2018,f,71,5908,MEX,mexico
Mexico,2018,f,72,6205,MEX,mexico
Mexico,2018,f,73,6179,MEX,mexico
Mexico,2018,f,74,6148,MEX,mexico
Mexico,2018,f,75,6690,MEX,mexico
Mexico,2018,f,76,6559,MEX,mexico
Mexico,2018,f,77,7070,MEX,mexico
Mexico,2018,f,78,7006,MEX,mexico
Mexico,2018,f,79,6952,MEX,mexico
Mexico,2018,f,80,7230,MEX,mexico
Mexico,2018,f,81,7251,MEX,mexico
Mexico,2018,f,82,7943,MEX,mexico
Mexico,2018,f,83,7737,MEX,mexico
Mexico,2018,f,84,7585,MEX,mexico
Mexico,2018,f,85,7344,MEX,mexico
Mexico,2018,f,86,6930,MEX,mexico
Mexico,2018,f,87,7897,MEX,mexico
Mexico,2018,f,88,7602,MEX,mexico
Mexico,2018,f,89,6167,MEX,mexico
Mexico,2018,f,90,5697,MEX,mexico
Mexico,2018,f,91,5254,MEX,mexico
Mexico,2018,f,92,5413,MEX,mexico
Mexico,2018,f,93,4673,MEX,mexico
Mexico,2018,f,94,3710,MEX,mexico
Mexico,2018,f,95,3270,MEX,mexico
Mexico,2018,f,96,2586,MEX,mexico
Mexico,2018,f,97,2170,MEX,mexico
Mexico,2018,f,98,1783,MEX,mexico
Mexico,2018,f,99,1025,MEX,mexico
Mexico,2018,f,100,2735,MEX,mexico
Mexico,2018,f,TOT,314013,MEX,mexico
Mexico,2018,m,0,13069,MEX,mexico
Mexico,2018,m,1,1132,MEX,mexico
Mexico,2018,m,2,562,MEX,mexico
Mexico,2018,m,3,442,MEX,mexico
Mexico,2018,m,4,365,MEX,mexico
Mexico,2018,m,5,277,MEX,mexico
Mexico,2018,m,6,259,MEX,mexico
Mexico,2018,m,7,272,MEX,mexico
Mexico,2018,m,8,264,MEX,mexico
Mexico,2018,m,9,262,MEX,mexico
Mexico,2018,m,10,271,MEX,mexico
Mexico,2018,m,11,288,MEX,mexico
Mexico,2018,m,12,323,MEX,mexico
Mexico,2018,m,13,423,MEX,mexico
Mexico,2018,m,14,541,MEX,mexico
Mexico,2018,m,15,749,MEX,mexico
Mexico,2018,m,16,1030,MEX,mexico
Mexico,2018,m,17,1355,MEX,mexico
Mexico,2018,m,18,1717,MEX,mexico
Mexico,2018,m,19,1980,MEX,mexico
Mexico,2018,m,20,2120,MEX,mexico
Mexico,2018,m,21,2161,MEX,mexico
Mexico,2018,m,22,2440,MEX,mexico
Mexico,2018,m,23,2511,MEX,mexico
Mexico,2018,m,24,2532,MEX,mexico
Mexico,2018,m,25,2813,MEX,mexico
Mexico,2018,m,26,2695,MEX,mexico
Mexico,2018,m,27,2678,MEX,mexico
Mexico,2018,m,28,2715,MEX,mexico
Mexico,2018,m,29,2655,MEX,mexico
Mexico,2018,m,30,2868,MEX,mexico
Mexico,2018,m,31,2555,MEX,mexico
Mexico,2018,m,32,2640,MEX,mexico
Mexico,2018,m,33,2718,MEX,mexico
Mexico,2018,m,34,2730,MEX,mexico
Mexico,2018,m,35,3071,MEX,mexico
Mexico,2018,m,36,2873,MEX,mexico
Mexico,2018,m,37,3016,MEX,mexico
Mexico,2018,m,38,3017,MEX,mexico
Mexico,2018,m,39,3079,MEX,mexico
Mexico,2018,m,40,3625,MEX,mexico
Mexico,2018,m,41,3242,MEX,mexico
Mexico,2018,m,42,3447,MEX,mexico
Mexico,2018,m,43,3582,MEX,mexico
Mexico,2018,m,44,3801,MEX,mexico
Mexico,2018,m,45,4242,MEX,mexico
Mexico,2018,m,46,3955,MEX,mexico
Mexico,2018,m,47,3986,MEX,mexico
Mexico,2018,m,48,4147,MEX,mexico
Mexico,2018,m,49,4107,MEX,mexico
Mexico,2018,m,50,4674,MEX,mexico
Mexico,2018,m,51,4511,MEX,mexico
Mexico,2018,m,52,4685,MEX,mexico
Mexico,2018,m,53,4816,MEX,mexico
Mexico,2018,m,54,5189,MEX,mexico
Mexico,2018,m,55,5552,MEX,mexico
Mexico,2018,m,56,5490,MEX,mexico
Mexico,2018,m,57,5722,MEX,mexico
Mexico,2018,m,58,5881,MEX,mexico
Mexico,2018,m,59,5864,MEX,mexico
Mexico,2018,m,60,6214,MEX,mexico
Mexico,2018,m,61,6237,MEX,mexico
Mexico,2018,m,62,6474,MEX,mexico
Mexico,2018,m,63,6599,MEX,mexico
Mexico,2018,m,64,6699,MEX,mexico
Mexico,2018,m,65,6579,MEX,mexico
Mexico,2018,m,66,6583,MEX,mexico
Mexico,2018,m,67,6733,MEX,mexico
Mexico,2018,m,68,7054,MEX,mexico
Mexico,2018,m,69,6995,MEX,mexico
Mexico,2018,m,70,7291,MEX,mexico
Mexico,2018,m,71,7182,MEX,mexico
Mexico,2018,m,72,7116,MEX,mexico
Mexico,2018,m,73,7338,MEX,mexico
Mexico,2018,m,74,7361,MEX,mexico
Mexico,2018,m,75,7592,MEX,mexico
Mexico,2018,m,76,7335,MEX,mexico
Mexico,2018,m,77,7561,MEX,mexico
Mexico,2018,m,78,7573,MEX,mexico
Mexico,2018,m,79,7461,MEX,mexico
Mexico,2018,m,80,7296,MEX,mexico
Mexico,2018,m,81,7568,MEX,mexico
Mexico,2018,m,82,7626,MEX,mexico
Mexico,2018,m,83,7258,MEX,mexico
Mexico,2018,m,84,7132,MEX,mexico
Mexico,2018,m,85,6671,MEX,mexico
Mexico,2018,m,86,6276,MEX,mexico
Mexico,2018,m,87,6191,MEX,mexico
Mexico,2018,m,88,6047,MEX,mexico
Mexico,2018,m,89,4971,MEX,mexico
Mexico,2018,m,90,4345,MEX,mexico
Mexico,2018,m,91,3835,MEX,mexico
Mexico,2018,m,92,3663,MEX,mexico
Mexico,2018,m,93,3212,MEX,mexico
Mexico,2018,m,94,2614,MEX,mexico
Mexico,2018,m,95,2301,MEX,mexico
Mexico,2018,m,96,1717,MEX,mexico
Mexico,2018,m,97,1421,MEX,mexico
Mexico,2018,m,98,1038,MEX,mexico
Mexico,2018,m,99,618,MEX,mexico
Mexico,2018,m,100,1514,MEX,mexico
Mexico,2018,m,TOT,406965,MEX,mexico
Mexico,2018,t,0,23531,MEX,mexico
Mexico,2018,t,1,2065,MEX,mexico
Mexico,2018,t,2,1081,MEX,mexico
Mexico,2018,t,3,812,MEX,mexico
Mexico,2018,t,4,680,MEX,mexico
Mexico,2018,t,5,546,MEX,mexico
Mexico,2018,t,6,480,MEX,mexico
Mexico,2018,t,7,501,MEX,mexico
Mexico,2018,t,8,466,MEX,mexico
Mexico,2018,t,9,479,MEX,mexico
Mexico,2018,t,10,505,MEX,mexico
Mexico,2018,t,11,527,MEX,mexico
Mexico,2018,t,12,581,MEX,mexico
Mexico,2018,t,13,712,MEX,mexico
Mexico,2018,t,14,847,MEX,mexico
Mexico,2018,t,15,1151,MEX,mexico
Mexico,2018,t,16,1505,MEX,mexico
Mexico,2018,t,17,1849,MEX,mexico
Mexico,2018,t,18,2294,MEX,mexico
Mexico,2018,t,19,2491,MEX,mexico
Mexico,2018,t,20,2705,MEX,mexico
Mexico,2018,t,21,2712,MEX,mexico
Mexico,2018,t,22,3100,MEX,mexico
Mexico,2018,t,23,3186,MEX,mexico
Mexico,2018,t,24,3236,MEX,mexico
Mexico,2018,t,25,3567,MEX,mexico
Mexico,2018,t,26,3475,MEX,mexico
Mexico,2018,t,27,3476,MEX,mexico
Mexico,2018,t,28,3411,MEX,mexico
Mexico,2018,t,29,3358,MEX,mexico
Mexico,2018,t,30,3670,MEX,mexico
Mexico,2018,t,31,3310,MEX,mexico
Mexico,2018,t,32,3527,MEX,mexico
Mexico,2018,t,33,3589,MEX,mexico
Mexico,2018,t,34,3662,MEX,mexico
Mexico,2018,t,35,4093,MEX,mexico
Mexico,2018,t,36,3890,MEX,mexico
Mexico,2018,t,37,4074,MEX,mexico
Mexico,2018,t,38,4109,MEX,mexico
Mexico,2018,t,39,4330,MEX,mexico
Mexico,2018,t,40,4921,MEX,mexico
Mexico,2018,t,41,4689,MEX,mexico
Mexico,2018,t,42,5002,MEX,mexico
Mexico,2018,t,43,5221,MEX,mexico
Mexico,2018,t,44,5537,MEX,mexico
Mexico,2018,t,45,6218,MEX,mexico
Mexico,2018,t,46,5918,MEX,mexico
Mexico,2018,t,47,6099,MEX,mexico
Mexico,2018,t,48,6420,MEX,mexico
Mexico,2018,t,49,6460,MEX,mexico
Mexico,2018,t,50,7234,MEX,mexico
Mexico,2018,t,51,7212,MEX,mexico
Mexico,2018,t,52,7608,MEX,mexico
Mexico,2018,t,53,7941,MEX,mexico
Mexico,2018,t,54,8522,MEX,mexico
Mexico,2018,t,55,8996,MEX,mexico
Mexico,2018,t,56,9187,MEX,mexico
Mexico,2018,t,57,9569,MEX,mexico
Mexico,2018,t,58,10073,MEX,mexico
Mexico,2018,t,59,10199,MEX,mexico
Mexico,2018,t,60,10630,MEX,mexico
Mexico,2018,t,61,10881,MEX,mexico
Mexico,2018,t,62,11453,MEX,mexico
Mexico,2018,t,63,11628,MEX,mexico
Mexico,2018,t,64,11695,MEX,mexico
Mexico,2018,t,65,11713,MEX,mexico
Mexico,2018,t,66,11712,MEX,mexico
Mexico,2018,t,67,12229,MEX,mexico
Mexico,2018,t,68,12590,MEX,mexico
Mexico,2018,t,69,12433,MEX,mexico
Mexico,2018,t,70,12910,MEX,mexico
Mexico,2018,t,71,13090,MEX,mexico
Mexico,2018,t,72,13321,MEX,mexico
Mexico,2018,t,73,13517,MEX,mexico
Mexico,2018,t,74,13509,MEX,mexico
Mexico,2018,t,75,14282,MEX,mexico
Mexico,2018,t,76,13894,MEX,mexico
Mexico,2018,t,77,14632,MEX,mexico
Mexico,2018,t,78,14579,MEX,mexico
Mexico,2018,t,79,14413,MEX,mexico
Mexico,2018,t,80,14526,MEX,mexico
Mexico,2018,t,81,14819,MEX,mexico
Mexico,2018,t,82,15571,MEX,mexico
Mexico,2018,t,83,14995,MEX,mexico
Mexico,2018,t,84,14717,MEX,mexico
Mexico,2018,t,85,14015,MEX,mexico
Mexico,2018,t,86,13207,MEX,mexico
Mexico,2018,t,87,14088,MEX,mexico
Mexico,2018,t,88,13649,MEX,mexico
Mexico,2018,t,89,11138,MEX,mexico
Mexico,2018,t,90,10042,MEX,mexico
Mexico,2018,t,91,9089,MEX,mexico
Mexico,2018,t,92,9076,MEX,mexico
Mexico,2018,t,93,7885,MEX,mexico
Mexico,2018,t,94,6324,MEX,mexico
Mexico,2018,t,95,5571,MEX,mexico
Mexico,2018,t,96,4303,MEX,mexico
Mexico,2018,t,97,3591,MEX,mexico
Mexico,2018,t,98,2821,MEX,mexico
Mexico,2018,t,99,1643,MEX,mexico
Mexico,2018,t,100,4250,MEX,mexico
Mexico,2018,t,TOT,721284,MEX,mexico
Mexico,2019,f,0,9966,MEX,mexico
Mexico,2019,f,1,1008,MEX,mexico
Mexico,2019,f,2,498,MEX,mexico
Mexico,2019,f,3,340,MEX,mexico
Mexico,2019,f,4,295,MEX,mexico
Mexico,2019,f,5,259,MEX,mexico
Mexico,2019,f,6,209,MEX,mexico
Mexico,2019,f,7,237,MEX,mexico
Mexico,2019,f,8,183,MEX,mexico
Mexico,2019,f,9,223,MEX,mexico
Mexico,2019,f,10,218,MEX,mexico
Mexico,2019,f,11,185,MEX,mexico
Mexico,2019,f,12,261,MEX,mexico
Mexico,2019,f,13,283,MEX,mexico
Mexico,2019,f,14,310,MEX,mexico
Mexico,2019,f,15,398,MEX,mexico
Mexico,2019,f,16,468,MEX,mexico
Mexico,2019,f,17,501,MEX,mexico
Mexico,2019,f,18,530,MEX,mexico
Mexico,2019,f,19,591,MEX,mexico
Mexico,2019,f,20,593,MEX,mexico
Mexico,2019,f,21,590,MEX,mexico
Mexico,2019,f,22,586,MEX,mexico
Mexico,2019,f,23,656,MEX,mexico
Mexico,2019,f,24,702,MEX,mexico
Mexico,2019,f,25,701,MEX,mexico
Mexico,2019,f,26,701,MEX,mexico
Mexico,2019,f,27,789,MEX,mexico
Mexico,2019,f,28,787,MEX,mexico
Mexico,2019,f,29,747,MEX,mexico
Mexico,2019,f,30,841,MEX,mexico
Mexico,2019,f,31,813,MEX,mexico
Mexico,2019,f,32,835,MEX,mexico
Mexico,2019,f,33,932,MEX,mexico
Mexico,2019,f,34,899,MEX,mexico
Mexico,2019,f,35,1007,MEX,mexico
Mexico,2019,f,36,1025,MEX,mexico
Mexico,2019,f,37,1070,MEX,mexico
Mexico,2019,f,38,1155,MEX,mexico
Mexico,2019,f,39,1258,MEX,mexico
Mexico,2019,f,40,1320,MEX,mexico
Mexico,2019,f,41,1400,MEX,mexico
Mexico,2019,f,42,1530,MEX,mexico
Mexico,2019,f,43,1559,MEX,mexico
Mexico,2019,f,44,1854,MEX,mexico
Mexico,2019,f,45,1921,MEX,mexico
Mexico,2019,f,46,2139,MEX,mexico
Mexico,2019,f,47,2320,MEX,mexico
Mexico,2019,f,48,2258,MEX,mexico
Mexico,2019,f,49,2459,MEX,mexico
Mexico,2019,f,50,2608,MEX,mexico
Mexico,2019,f,51,2720,MEX,mexico
Mexico,2019,f,52,2908,MEX,mexico
Mexico,2019,f,53,3033,MEX,mexico
Mexico,2019,f,54,3313,MEX,mexico
Mexico,2019,f,55,3466,MEX,mexico
Mexico,2019,f,56,3613,MEX,mexico
Mexico,2019,f,57,3781,MEX,mexico
Mexico,2019,f,58,4163,MEX,mexico
Mexico,2019,f,59,4507,MEX,mexico
Mexico,2019,f,60,4476,MEX,mexico
Mexico,2019,f,61,4579,MEX,mexico
Mexico,2019,f,62,4908,MEX,mexico
Mexico,2019,f,63,5217,MEX,mexico
Mexico,2019,f,64,5257,MEX,mexico
Mexico,2019,f,65,5333,MEX,mexico
Mexico,2019,f,66,5513,MEX,mexico
Mexico,2019,f,67,5344,MEX,mexico
Mexico,2019,f,68,5873,MEX,mexico
Mexico,2019,f,69,5922,MEX,mexico
Mexico,2019,f,70,5702,MEX,mexico
Mexico,2019,f,71,6081,MEX,mexico
Mexico,2019,f,72,6180,MEX,mexico
Mexico,2019,f,73,6333,MEX,mexico
Mexico,2019,f,74,6578,MEX,mexico
Mexico,2019,f,75,6454,MEX,mexico
Mexico,2019,f,76,6596,MEX,mexico
Mexico,2019,f,77,6587,MEX,mexico
Mexico,2019,f,78,7226,MEX,mexico
Mexico,2019,f,79,7353,MEX,mexico
Mexico,2019,f,80,7245,MEX,mexico
Mexico,2019,f,81,7283,MEX,mexico
Mexico,2019,f,82,7687,MEX,mexico
Mexico,2019,f,83,8089,MEX,mexico
Mexico,2019,f,84,7836,MEX,mexico
Mexico,2019,f,85,7510,MEX,mexico
Mexico,2019,f,86,7341,MEX,mexico
Mexico,2019,f,87,6919,MEX,mexico
Mexico,2019,f,88,7602,MEX,mexico
Mexico,2019,f,89,7096,MEX,mexico
Mexico,2019,f,90,5719,MEX,mexico
Mexico,2019,f,91,5309,MEX,mexico
Mexico,2019,f,92,4769,MEX,mexico
Mexico,2019,f,93,4739,MEX,mexico
Mexico,2019,f,94,4012,MEX,mexico
Mexico,2019,f,95,3145,MEX,mexico
Mexico,2019,f,96,2730,MEX,mexico
Mexico,2019,f,97,2074,MEX,mexico
Mexico,2019,f,98,1781,MEX,mexico
Mexico,2019,f,99,1290,MEX,mexico
Mexico,2019,f,100,2750,MEX,mexico
Mexico,2019,f,TOT,317261,MEX,mexico
Mexico,2019,m,0,12688,MEX,mexico
Mexico,2019,m,1,1119,MEX,mexico
Mexico,2019,m,2,608,MEX,mexico
Mexico,2019,m,3,418,MEX,mexico
Mexico,2019,m,4,337,MEX,mexico
Mexico,2019,m,5,285,MEX,mexico
Mexico,2019,m,6,260,MEX,mexico
Mexico,2019,m,7,246,MEX,mexico
Mexico,2019,m,8,254,MEX,mexico
Mexico,2019,m,9,281,MEX,mexico
Mexico,2019,m,10,298,MEX,mexico
Mexico,2019,m,11,289,MEX,mexico
Mexico,2019,m,12,321,MEX,mexico
Mexico,2019,m,13,394,MEX,mexico
Mexico,2019,m,14,532,MEX,mexico
Mexico,2019,m,15,752,MEX,mexico
Mexico,2019,m,16,1024,MEX,mexico
Mexico,2019,m,17,1268,MEX,mexico
Mexico,2019,m,18,1627,MEX,mexico
Mexico,2019,m,19,1776,MEX,mexico
Mexico,2019,m,20,2108,MEX,mexico
Mexico,2019,m,21,2217,MEX,mexico
Mexico,2019,m,22,2287,MEX,mexico
Mexico,2019,m,23,2519,MEX,mexico
Mexico,2019,m,24,2501,MEX,mexico
Mexico,2019,m,25,2819,MEX,mexico
Mexico,2019,m,26,2710,MEX,mexico
Mexico,2019,m,27,2836,MEX,mexico
Mexico,2019,m,28,2807,MEX,mexico
Mexico,2019,m,29,2793,MEX,mexico
Mexico,2019,m,30,2946,MEX,mexico
Mexico,2019,m,31,2745,MEX,mexico
Mexico,2019,m,32,2748,MEX,mexico
Mexico,2019,m,33,2768,MEX,mexico
Mexico,2019,m,34,2816,MEX,mexico
Mexico,2019,m,35,3102,MEX,mexico
Mexico,2019,m,36,2842,MEX,mexico
Mexico,2019,m,37,3056,MEX,mexico
Mexico,2019,m,38,3014,MEX,mexico
Mexico,2019,m,39,3092,MEX,mexico
Mexico,2019,m,40,3388,MEX,mexico
Mexico,2019,m,41,3334,MEX,mexico
Mexico,2019,m,42,3439,MEX,mexico
Mexico,2019,m,43,3651,MEX,mexico
Mexico,2019,m,44,3767,MEX,mexico
Mexico,2019,m,45,4092,MEX,mexico
Mexico,2019,m,46,4246,MEX,mexico
Mexico,2019,m,47,4287,MEX,mexico
Mexico,2019,m,48,4251,MEX,mexico
Mexico,2019,m,49,4259,MEX,mexico
Mexico,2019,m,50,4765,MEX,mexico
Mexico,2019,m,51,4657,MEX,mexico
Mexico,2019,m,52,4770,MEX,mexico
Mexico,2019,m,53,4888,MEX,mexico
Mexico,2019,m,54,5309,MEX,mexico
Mexico,2019,m,55,5451,MEX,mexico
Mexico,2019,m,56,5612,MEX,mexico
Mexico,2019,m,57,5777,MEX,mexico
Mexico,2019,m,58,6089,MEX,mexico
Mexico,2019,m,59,6269,MEX,mexico
Mexico,2019,m,60,6483,MEX,mexico
Mexico,2019,m,61,6416,MEX,mexico
Mexico,2019,m,62,6594,MEX,mexico
Mexico,2019,m,63,6841,MEX,mexico
Mexico,2019,m,64,7037,MEX,mexico
Mexico,2019,m,65,6956,MEX,mexico
Mexico,2019,m,66,6919,MEX,mexico
Mexico,2019,m,67,6679,MEX,mexico
Mexico,2019,m,68,7122,MEX,mexico
Mexico,2019,m,69,7065,MEX,mexico
Mexico,2019,m,70,7235,MEX,mexico
Mexico,2019,m,71,7408,MEX,mexico
Mexico,2019,m,72,7462,MEX,mexico
Mexico,2019,m,73,7501,MEX,mexico
Mexico,2019,m,74,7598,MEX,mexico
Mexico,2019,m,75,7450,MEX,mexico
Mexico,2019,m,76,7628,MEX,mexico
Mexico,2019,m,77,7515,MEX,mexico
Mexico,2019,m,78,7731,MEX,mexico
Mexico,2019,m,79,7763,MEX,mexico
Mexico,2019,m,80,7583,MEX,mexico
Mexico,2019,m,81,7354,MEX,mexico
Mexico,2019,m,82,7469,MEX,mexico
Mexico,2019,m,83,7490,MEX,mexico
Mexico,2019,m,84,7352,MEX,mexico
Mexico,2019,m,85,6714,MEX,mexico
Mexico,2019,m,86,6341,MEX,mexico
Mexico,2019,m,87,5880,MEX,mexico
Mexico,2019,m,88,5898,MEX,mexico
Mexico,2019,m,89,5593,MEX,mexico
Mexico,2019,m,90,4291,MEX,mexico
Mexico,2019,m,91,3870,MEX,mexico
Mexico,2019,m,92,3436,MEX,mexico
Mexico,2019,m,93,3177,MEX,mexico
Mexico,2019,m,94,2641,MEX,mexico
Mexico,2019,m,95,2173,MEX,mexico
Mexico,2019,m,96,1771,MEX,mexico
Mexico,2019,m,97,1269,MEX,mexico
Mexico,2019,m,98,1057,MEX,mexico
Mexico,2019,m,99,793,MEX,mexico
Mexico,2019,m,100,1432,MEX,mexico
Mexico,2019,m,TOT,411392,MEX,mexico
Mexico,2019,t,0,22746,MEX,mexico
Mexico,2019,t,1,2127,MEX,mexico
Mexico,2019,t,2,1107,MEX,mexico
Mexico,2019,t,3,758,MEX,mexico
Mexico,2019,t,4,632,MEX,mexico
Mexico,2019,t,5,544,MEX,mexico
Mexico,2019,t,6,469,MEX,mexico
Mexico,2019,t,7,483,MEX,mexico
Mexico,2019,t,8,437,MEX,mexico
Mexico,2019,t,9,504,MEX,mexico
Mexico,2019,t,10,516,MEX,mexico
Mexico,2019,t,11,474,MEX,mexico
Mexico,2019,t,12,582,MEX,mexico
Mexico,2019,t,13,677,MEX,mexico
Mexico,2019,t,14,842,MEX,mexico
Mexico,2019,t,15,1150,MEX,mexico
Mexico,2019,t,16,1492,MEX,mexico
Mexico,2019,t,17,1769,MEX,mexico
Mexico,2019,t,18,2157,MEX,mexico
Mexico,2019,t,19,2367,MEX,mexico
Mexico,2019,t,20,2703,MEX,mexico
Mexico,2019,t,21,2807,MEX,mexico
Mexico,2019,t,22,2873,MEX,mexico
Mexico,2019,t,23,3175,MEX,mexico
Mexico,2019,t,24,3203,MEX,mexico
Mexico,2019,t,25,3520,MEX,mexico
Mexico,2019,t,26,3411,MEX,mexico
Mexico,2019,t,27,3625,MEX,mexico
Mexico,2019,t,28,3595,MEX,mexico
Mexico,2019,t,29,3540,MEX,mexico
Mexico,2019,t,30,3788,MEX,mexico
Mexico,2019,t,31,3558,MEX,mexico
Mexico,2019,t,32,3583,MEX,mexico
Mexico,2019,t,33,3700,MEX,mexico
Mexico,2019,t,34,3715,MEX,mexico
Mexico,2019,t,35,4110,MEX,mexico
Mexico,2019,t,36,3867,MEX,mexico
Mexico,2019,t,37,4126,MEX,mexico
Mexico,2019,t,38,4170,MEX,mexico
Mexico,2019,t,39,4350,MEX,mexico
Mexico,2019,t,40,4711,MEX,mexico
Mexico,2019,t,41,4734,MEX,mexico
Mexico,2019,t,42,4970,MEX,mexico
Mexico,2019,t,43,5210,MEX,mexico
Mexico,2019,t,44,5621,MEX,mexico
Mexico,2019,t,45,6015,MEX,mexico
Mexico,2019,t,46,6385,MEX,mexico
Mexico,2019,t,47,6607,MEX,mexico
Mexico,2019,t,48,6509,MEX,mexico
Mexico,2019,t,49,6718,MEX,mexico
Mexico,2019,t,50,7374,MEX,mexico
Mexico,2019,t,51,7377,MEX,mexico
Mexico,2019,t,52,7678,MEX,mexico
Mexico,2019,t,53,7921,MEX,mexico
Mexico,2019,t,54,8622,MEX,mexico
Mexico,2019,t,55,8919,MEX,mexico
Mexico,2019,t,56,9225,MEX,mexico
Mexico,2019,t,57,9558,MEX,mexico
Mexico,2019,t,58,10252,MEX,mexico
Mexico,2019,t,59,10776,MEX,mexico
Mexico,2019,t,60,10961,MEX,mexico
Mexico,2019,t,61,10995,MEX,mexico
Mexico,2019,t,62,11502,MEX,mexico
Mexico,2019,t,63,12059,MEX,mexico
Mexico,2019,t,64,12294,MEX,mexico
Mexico,2019,t,65,12289,MEX,mexico
Mexico,2019,t,66,12432,MEX,mexico
Mexico,2019,t,67,12023,MEX,mexico
Mexico,2019,t,68,12996,MEX,mexico
Mexico,2019,t,69,12987,MEX,mexico
Mexico,2019,t,70,12937,MEX,mexico
Mexico,2019,t,71,13489,MEX,mexico
Mexico,2019,t,72,13642,MEX,mexico
Mexico,2019,t,73,13834,MEX,mexico
Mexico,2019,t,74,14176,MEX,mexico
Mexico,2019,t,75,13904,MEX,mexico
Mexico,2019,t,76,14224,MEX,mexico
Mexico,2019,t,77,14104,MEX,mexico
Mexico,2019,t,78,14957,MEX,mexico
Mexico,2019,t,79,15116,MEX,mexico
Mexico,2019,t,80,14828,MEX,mexico
Mexico,2019,t,81,14637,MEX,mexico
Mexico,2019,t,82,15156,MEX,mexico
Mexico,2019,t,83,15579,MEX,mexico
Mexico,2019,t,84,15188,MEX,mexico
Mexico,2019,t,85,14224,MEX,mexico
Mexico,2019,t,86,13682,MEX,mexico
Mexico,2019,t,87,12799,MEX,mexico
Mexico,2019,t,88,13500,MEX,mexico
Mexico,2019,t,89,12689,MEX,mexico
Mexico,2019,t,90,10010,MEX,mexico
Mexico,2019,t,91,9179,MEX,mexico
Mexico,2019,t,92,8205,MEX,mexico
Mexico,2019,t,93,7916,MEX,mexico
Mexico,2019,t,94,6653,MEX,mexico
Mexico,2019,t,95,5318,MEX,mexico
Mexico,2019,t,96,4501,MEX,mexico
Mexico,2019,t,97,3343,MEX,mexico
Mexico,2019,t,98,2839,MEX,mexico
Mexico,2019,t,99,2085,MEX,mexico
Mexico,2019,t,100,4182,MEX,mexico
Mexico,2019,t,TOT,729057,MEX,mexico
Mexico,2020,f,0,9975,MEX,mexico
Mexico,2020,f,1,974,MEX,mexico
Mexico,2020,f,2,629,MEX,mexico
Mexico,2020,f,3,469,MEX,mexico
Mexico,2020,f,4,404,MEX,mexico
Mexico,2020,f,5,344,MEX,mexico
Mexico,2020,f,6,331,MEX,mexico
Mexico,2020,f,7,283,MEX,mexico
Mexico,2020,f,8,273,MEX,mexico
Mexico,2020,f,9,310,MEX,mexico
Mexico,2020,f,10,293,MEX,mexico
Mexico,2020,f,11,293,MEX,mexico
Mexico,2020,f,12,328,MEX,mexico
Mexico,2020,f,13,396,MEX,mexico
Mexico,2020,f,14,564,MEX,mexico
Mexico,2020,f,15,756,MEX,mexico
Mexico,2020,f,16,1042,MEX,mexico
Mexico,2020,f,17,1335,MEX,mexico
Mexico,2020,f,18,1581,MEX,mexico
Mexico,2020,f,19,1849,MEX,mexico
Mexico,2020,f,20,2140,MEX,mexico
Mexico,2020,f,21,2201,MEX,mexico
Mexico,2020,f,22,2261,MEX,mexico
Mexico,2020,f,23,2370,MEX,mexico
Mexico,2020,f,24,2597,MEX,mexico
Mexico,2020,f,25,2852,MEX,mexico
Mexico,2020,f,26,2965,MEX,mexico
Mexico,2020,f,27,2963,MEX,mexico
Mexico,2020,f,28,3136,MEX,mexico
Mexico,2020,f,29,3057,MEX,mexico
Mexico,2020,f,30,3245,MEX,mexico
Mexico,2020,f,31,3107,MEX,mexico
Mexico,2020,f,32,3179,MEX,mexico
Mexico,2020,f,33,3334,MEX,mexico
Mexico,2020,f,34,3521,MEX,mexico
Mexico,2020,f,35,3621,MEX,mexico
Mexico,2020,f,36,3750,MEX,mexico
Mexico,2020,f,37,3960,MEX,mexico
Mexico,2020,f,38,4027,MEX,mexico
Mexico,2020,f,39,4325,MEX,mexico
Mexico,2020,f,40,4489,MEX,mexico
Mexico,2020,f,41,4563,MEX,mexico
Mexico,2020,f,42,5081,MEX,mexico
Mexico,2020,f,43,5499,MEX,mexico
Mexico,2020,f,44,5687,MEX,mexico
Mexico,2020,f,45,6290,MEX,mexico
Mexico,2020,f,46,6760,MEX,mexico
Mexico,2020,f,47,7115,MEX,mexico
Mexico,2020,f,48,7094,MEX,mexico
Mexico,2020,f,49,7502,MEX,mexico
Mexico,2020,f,50,7780,MEX,mexico
Mexico,2020,f,51,8192,MEX,mexico
Mexico,2020,f,52,8541,MEX,mexico
Mexico,2020,f,53,8905,MEX,mexico
Mexico,2020,f,54,9314,MEX,mexico
Mexico,2020,f,55,9725,MEX,mexico
Mexico,2020,f,56,10195,MEX,mexico
Mexico,2020,f,57,10242,MEX,mexico
Mexico,2020,f,58,10926,MEX,mexico
Mexico,2020,f,59,11409,MEX,mexico
Mexico,2020,f,60,11924,MEX,mexico
Mexico,2020,f,61,12064,MEX,mexico
Mexico,2020,f,62,11707,MEX,mexico
Mexico,2020,f,63,12429,MEX,mexico
Mexico,2020,f,64,12629,MEX,mexico
Mexico,2020,f,65,12919,MEX,mexico
Mexico,2020,f,66,12774,MEX,mexico
Mexico,2020,f,67,12399,MEX,mexico
Mexico,2020,f,68,12563,MEX,mexico
Mexico,2020,f,69,12794,MEX,mexico
Mexico,2020,f,70,12913,MEX,mexico
Mexico,2020,f,71,12540,MEX,mexico
Mexico,2020,f,72,12659,MEX,mexico
Mexico,2020,f,73,12684,MEX,mexico
Mexico,2020,f,74,12256,MEX,mexico
Mexico,2020,f,75,12108,MEX,mexico
Mexico,2020,f,76,12011,MEX,mexico
Mexico,2020,f,77,12273,MEX,mexico
Mexico,2020,f,78,11898,MEX,mexico
Mexico,2020,f,79,11683,MEX,mexico
Mexico,2020,f,80,11459,MEX,mexico
Mexico,2020,f,81,11011,MEX,mexico
Mexico,2020,f,82,10639,MEX,mexico
Mexico,2020,f,83,10417,MEX,mexico
Mexico,2020,f,84,10207,MEX,mexico
Mexico,2020,f,85,9653,MEX,mexico
Mexico,2020,f,86,8757,MEX,mexico
Mexico,2020,f,87,7909,MEX,mexico
Mexico,2020,f,88,7306,MEX,mexico
Mexico,2020,f,89,6942,MEX,mexico
Mexico,2020,f,90,6499,MEX,mexico
Mexico,2020,f,91,5080,MEX,mexico
Mexico,2020,f,92,4310,MEX,mexico
Mexico,2020,f,93,3677,MEX,mexico
Mexico,2020,f,94,3321,MEX,mexico
Mexico,2020,f,95,2647,MEX,mexico
Mexico,2020,f,96,2108,MEX,mexico
Mexico,2020,f,97,1665,MEX,mexico
Mexico,2020,f,98,1187,MEX,mexico
Mexico,2020,f,99,903,MEX,mexico
Mexico,2020,f,100,171,MEX,mexico
Mexico,2020,f,TOT,618309,MEX,mexico
Mexico,2020,m,0,7381,MEX,mexico
Mexico,2020,m,1,825,MEX,mexico
Mexico,2020,m,2,515,MEX,mexico
Mexico,2020,m,3,351,MEX,mexico
Mexico,2020,m,4,274,MEX,mexico
Mexico,2020,m,5,261,MEX,mexico
Mexico,2020,m,6,225,MEX,mexico
Mexico,2020,m,7,207,MEX,mexico
Mexico,2020,m,8,234,MEX,mexico
Mexico,2020,m,9,207,MEX,mexico
Mexico,2020,m,10,235,MEX,mexico
Mexico,2020,m,11,214,MEX,mexico
Mexico,2020,m,12,243,MEX,mexico
Mexico,2020,m,13,272,MEX,mexico
Mexico,2020,m,14,355,MEX,mexico
Mexico,2020,m,15,448,MEX,mexico
Mexico,2020,m,16,449,MEX,mexico
Mexico,2020,m,17,520,MEX,mexico
Mexico,2020,m,18,549,MEX,mexico
Mexico,2020,m,19,640,MEX,mexico
Mexico,2020,m,20,703,MEX,mexico
Mexico,2020,m,21,665,MEX,mexico
Mexico,2020,m,22,712,MEX,mexico
Mexico,2020,m,23,789,MEX,mexico
Mexico,2020,m,24,845,MEX,mexico
Mexico,2020,m,25,917,MEX,mexico
Mexico,2020,m,26,940,MEX,mexico
Mexico,2020,m,27,954,MEX,mexico
Mexico,2020,m,28,962,MEX,mexico
Mexico,2020,m,29,1000,MEX,mexico
Mexico,2020,m,30,1075,MEX,mexico
Mexico,2020,m,31,1112,MEX,mexico
Mexico,2020,m,32,1176,MEX,mexico
Mexico,2020,m,33,1148,MEX,mexico
Mexico,2020,m,34,1196,MEX,mexico
Mexico,2020,m,35,1282,MEX,mexico
Mexico,2020,m,36,1408,MEX,mexico
Mexico,2020,m,37,1534,MEX,mexico
Mexico,2020,m,38,1734,MEX,mexico
Mexico,2020,m,39,1738,MEX,mexico
Mexico,2020,m,40,1894,MEX,mexico
Mexico,2020,m,41,2056,MEX,mexico
Mexico,2020,m,42,2256,MEX,mexico
Mexico,2020,m,43,2418,MEX,mexico
Mexico,2020,m,44,2702,MEX,mexico
Mexico,2020,m,45,2915,MEX,mexico
Mexico,2020,m,46,3210,MEX,mexico
Mexico,2020,m,47,3536,MEX,mexico
Mexico,2020,m,48,3682,MEX,mexico
Mexico,2020,m,49,3936,MEX,mexico
Mexico,2020,m,50,4017,MEX,mexico
Mexico,2020,m,51,4311,MEX,mexico
Mexico,2020,m,52,4648,MEX,mexico
Mexico,2020,m,53,4905,MEX,mexico
Mexico,2020,m,54,5383,MEX,mexico
Mexico,2020,m,55,5730,MEX,mexico
Mexico,2020,m,56,5934,MEX,mexico
Mexico,2020,m,57,6317,MEX,mexico
Mexico,2020,m,58,6525,MEX,mexico
Mexico,2020,m,59,7101,MEX,mexico
Mexico,2020,m,60,7474,MEX,mexico
Mexico,2020,m,61,7790,MEX,mexico
Mexico,2020,m,62,7820,MEX,mexico
Mexico,2020,m,63,8138,MEX,mexico
Mexico,2020,m,64,8286,MEX,mexico
Mexico,2020,m,65,8724,MEX,mexico
Mexico,2020,m,66,8575,MEX,mexico
Mexico,2020,m,67,8752,MEX,mexico
Mexico,2020,m,68,8738,MEX,mexico
Mexico,2020,m,69,9089,MEX,mexico
Mexico,2020,m,70,8935,MEX,mexico
Mexico,2020,m,71,9033,MEX,mexico
Mexico,2020,m,72,9371,MEX,mexico
Mexico,2020,m,73,9259,MEX,mexico
Mexico,2020,m,74,9447,MEX,mexico
Mexico,2020,m,75,9375,MEX,mexico
Mexico,2020,m,76,9275,MEX,mexico
Mexico,2020,m,77,9614,MEX,mexico
Mexico,2020,m,78,9365,MEX,mexico
Mexico,2020,m,79,9752,MEX,mexico
Mexico,2020,m,80,9778,MEX,mexico
Mexico,2020,m,81,9474,MEX,mexico
Mexico,2020,m,82,9498,MEX,mexico
Mexico,2020,m,83,9669,MEX,mexico
Mexico,2020,m,84,9905,MEX,mexico
Mexico,2020,m,85,9422,MEX,mexico
Mexico,2020,m,86,8629,MEX,mexico
Mexico,2020,m,87,8506,MEX,mexico
Mexico,2020,m,88,7826,MEX,mexico
Mexico,2020,m,89,8247,MEX,mexico
Mexico,2020,m,90,7710,MEX,mexico
Mexico,2020,m,91,6104,MEX,mexico
Mexico,2020,m,92,5611,MEX,mexico
Mexico,2020,m,93,4828,MEX,mexico
Mexico,2020,m,94,4474,MEX,mexico
Mexico,2020,m,95,3864,MEX,mexico
Mexico,2020,m,96,2888,MEX,mexico
Mexico,2020,m,97,2439,MEX,mexico
Mexico,2020,m,98,1813,MEX,mexico
Mexico,2020,m,99,1426,MEX,mexico
Mexico,2020,m,100,386,MEX,mexico
Mexico,2020,m,TOT,432334,MEX,mexico
Mexico,2020,t,0,17356,MEX,mexico
Mexico,2020,t,1,1799,MEX,mexico
Mexico,2020,t,2,1144,MEX,mexico
Mexico,2020,t,3,820,MEX,mexico
Mexico,2020,t,4,678,MEX,mexico
Mexico,2020,t,5,605,MEX,mexico
Mexico,2020,t,6,556,MEX,mexico
Mexico,2020,t,7,490,MEX,mexico
Mexico,2020,t,8,507,MEX,mexico
Mexico,2020,t,9,517,MEX,mexico
Mexico,2020,t,10,528,MEX,mexico
Mexico,2020,t,11,507,MEX,mexico
Mexico,2020,t,12,571,MEX,mexico
Mexico,2020,t,13,668,MEX,mexico
Mexico,2020,t,14,919,MEX,mexico
Mexico,2020,t,15,1204,MEX,mexico
Mexico,2020,t,16,1491,MEX,mexico
Mexico,2020,t,17,1855,MEX,mexico
Mexico,2020,t,18,2130,MEX,mexico
Mexico,2020,t,19,2489,MEX,mexico
Mexico,2020,t,20,2843,MEX,mexico
Mexico,2020,t,21,2866,MEX,mexico
Mexico,2020,t,22,2973,MEX,mexico
Mexico,2020,t,23,3159,MEX,mexico
Mexico,2020,t,24,3442,MEX,mexico
Mexico,2020,t,25,3769,MEX,mexico
Mexico,2020,t,26,3905,MEX,mexico
Mexico,2020,t,27,3917,MEX,mexico
Mexico,2020,t,28,4098,MEX,mexico
Mexico,2020,t,29,4057,MEX,mexico
Mexico,2020,t,30,4320,MEX,mexico
Mexico,2020,t,31,4219,MEX,mexico
Mexico,2020,t,32,4355,MEX,mexico
Mexico,2020,t,33,4482,MEX,mexico
Mexico,2020,t,34,4717,MEX,mexico
Mexico,2020,t,35,4903,MEX,mexico
Mexico,2020,t,36,5158,MEX,mexico
Mexico,2020,t,37,5494,MEX,mexico
Mexico,2020,t,38,5761,MEX,mexico
Mexico,2020,t,39,6063,MEX,mexico
Mexico,2020,t,40,6383,MEX,mexico
Mexico,2020,t,41,6619,MEX,mexico
Mexico,2020,t,42,7337,MEX,mexico
Mexico,2020,t,43,7917,MEX,mexico
Mexico,2020,t,44,8389,MEX,mexico
Mexico,2020,t,45,9205,MEX,mexico
Mexico,2020,t,46,9970,MEX,mexico
Mexico,2020,t,47,10651,MEX,mexico
Mexico,2020,t,48,10776,MEX,mexico
Mexico,2020,t,49,11438,MEX,mexico
Mexico,2020,t,50,11797,MEX,mexico
Mexico,2020,t,51,12503,MEX,mexico
Mexico,2020,t,52,13189,MEX,mexico
Mexico,2020,t,53,13810,MEX,mexico
Mexico,2020,t,54,14697,MEX,mexico
Mexico,2020,t,55,15455,MEX,mexico
Mexico,2020,t,56,16129,MEX,mexico
Mexico,2020,t,57,16559,MEX,mexico
Mexico,2020,t,58,17451,MEX,mexico
Mexico,2020,t,59,18510,MEX,mexico
Mexico,2020,t,60,19398,MEX,mexico
Mexico,2020,t,61,19854,MEX,mexico
Mexico,2020,t,62,19527,MEX,mexico
Mexico,2020,t,63,20567,MEX,mexico
Mexico,2020,t,64,20915,MEX,mexico
Mexico,2020,t,65,21643,MEX,mexico
Mexico,2020,t,66,21349,MEX,mexico
Mexico,2020,t,67,21151,MEX,mexico
Mexico,2020,t,68,21301,MEX,mexico
Mexico,2020,t,69,21883,MEX,mexico
Mexico,2020,t,70,21848,MEX,mexico
Mexico,2020,t,71,21573,MEX,mexico
Mexico,2020,t,72,22030,MEX,mexico
Mexico,2020,t,73,21943,MEX,mexico
Mexico,2020,t,74,21703,MEX,mexico
Mexico,2020,t,75,21483,MEX,mexico
Mexico,2020,t,76,21286,MEX,mexico
Mexico,2020,t,77,21887,MEX,mexico
Mexico,2020,t,78,21263,MEX,mexico
Mexico,2020,t,79,21435,MEX,mexico
Mexico,2020,t,80,21237,MEX,mexico
Mexico,2020,t,81,20485,MEX,mexico
Mexico,2020,t,82,20137,MEX,mexico
Mexico,2020,t,83,20086,MEX,mexico
Mexico,2020,t,84,20112,MEX,mexico
Mexico,2020,t,85,19075,MEX,mexico
Mexico,2020,t,86,17386,MEX,mexico
Mexico,2020,t,87,16415,MEX,mexico
Mexico,2020,t,88,15132,MEX,mexico
Mexico,2020,t,89,15189,MEX,mexico
Mexico,2020,t,90,14209,MEX,mexico
Mexico,2020,t,91,11184,MEX,mexico
Mexico,2020,t,92,9921,MEX,mexico
Mexico,2020,t,93,8505,MEX,mexico
Mexico,2020,t,94,7795,MEX,mexico
Mexico,2020,t,95,6511,MEX,mexico
Mexico,2020,t,96,4996,MEX,mexico
Mexico,2020,t,97,4104,MEX,mexico
Mexico,2020,t,98,3000,MEX,mexico
Mexico,2020,t,99,2329,MEX,mexico
Mexico,2020,t,100,557,MEX,mexico
Mexico,2020,t,TOT,1050643,MEX,mexico
